uuid,weight,sex,age,edu,region,age_band,occupation,Q5,Q6,Q7,Q8,Q9,Q10,Q11,Q12,Q13
27dad1c2126345c886319075e87ffbdf,1.0558,남성,51,고졸 이하,서울,50-59,지게차 운전원,4,4,8,9>1>2,34>29>41,63>56>57,63>34>29,1>2,2
9154ddafcbd1445e8acbaf2ac6b50928,1.5626,남성,27,고졸 이하,서울,19-29,전화 상담원,3,4,8,9>2>1,29>51>34,56>64>67,29>51>34,1>2,2
5103a403c47e492bb71ab3cbb3d03c55,1.1815,남성,34,대학교 졸업,서울,30-39,그 외 기획 및 마케팅 사무원,3,4,8,9>1>2,54>34>27,56>58>57,54>34>9,1>4,2
d699088436284969acbe7fe2ad064cc7,1.0558,남성,58,고졸 이하,서울,50-59,택배원,4,4,4,2>9>1,29>34>54,63>56>57,29>9>34,1>2,2
01b7c3e7b39a4334bfbe2f5f75e872a4,1.7593,여성,29,대학교 졸업,서울,19-29,광고 전문가,4,4,8,9>2>1,34>54>29,56>57>60,34>54>9,1>4,2
76d187949dfe4b9d9e28c2eaf29446da,1.0558,남성,50,대학교 졸업,서울,50-59,무직,4,4,8,1>2>9,34>42>27,56>57>64,34>1>27,1>2,2
21b3feedf5b6467e89de6960a85aa0ab,1.1815,남성,38,대학교 졸업,서울,30-39,품질 인증 심사 전문가,5,4,8,2>1>9,34>51>50,56>57>60,34>51>56,1>3,4
e513a1f8516144bb983b62349f0d4b81,1.7593,여성,26,대학교 졸업,서울,19-29,전화 상담원,4,4,8,9>1>2,34>51>29,56>57>68,34>9>56,1>5,2
71c0803fc87a42319d764a07e0b4b9c8,1.0558,남성,55,고졸 이하,서울,50-59,항타기 운전원,5,4,6,1>9>13,34>35>46,63>56>57,63>34>1,1>6,1
0a04a22587f14e89b5b2ff996109073e,1.7593,여성,29,고졸 이하,서울,19-29,한식 조리사,4,4,8,9>2>1,34>42>27,64>57>56,34>64>56,1>3,2
540f6091de2b44048db616d6d406b0c3,1.1815,남성,33,대학교 졸업,서울,30-39,온라인 쇼핑 판매원,4,4,8,1>9>11,27>34>29,56>57>58,34>27>1,1>2,2
af0f0f5b95a74f6c9aebdbb3ab2e9c3e,1.1815,남성,35,고졸 이하,서울,30-39,그 외 건축 마감 관련 기능 종사원,4,4,6,1>2>9,34>29>42,63>56>57,34>1>63,1>2,2
7c2a4b8a3e7049e9baaf82ae2c7e7510,1.6426,남성,41,고졸 이하,서울,40-49,하역 및 적재 관련 단순 종사원,3,4,8,9>2>5,34>29>42,63>56>58,34>63>9,1>2,2
0e73d7525c684ecfbf399e1191820511,1.0627,여성,38,대학교 졸업,서울,30-39,무직,3,4,2,9>2>1,34>27>29,67>57>56,9>34>67,1>4,2
4c6b682bb716439196f640264f6e42a3,1.0558,남성,52,대학교 졸업,서울,50-59,원예작물 판매원,4,4,8,9>1>3,34>42>29,56>57>58,34>9>42,1>2,2
17e78185d8aa4344bc2732572f305798,1.0627,여성,35,대학교 졸업,서울,30-39,일반 비서,4,4,8,1>9>2,42>34>29,56>57>67,34>42>56,1>4,2
287bfd44fdaf47fa99314e389da43dd7,1.0627,여성,30,대학교 졸업,서울,30-39,온라인 쇼핑 판매원,4,4,8,9>1>2,51>34>42,56>57>58,51>9>34,1>6,2
b86d3997f0f44d3b84ceb4d5f2b6ce98,1.5626,남성,26,대학교 졸업,서울,19-29,광고 및 홍보 사무원,4,4,8,1>9>2,42>34>51,56>57>58,34>56>42,1>4,2
0d40f4b14f0541f3b2f43da4abf8f8e7,1.0558,남성,51,대학교 졸업,서울,50-59,기업 고위 임원,5,5,8,9>2>1,51>27>34,56>57>58,9>51>34,1>2,2
17ac759917a946e0a4fc4c6fda3fbf2d,1.5143,남성,63,고졸 이하,서울,60-69,가스 배관공,5,4,10,2>9>5,35>34>46,57>56>63,35>34>2,1>2,2
7f8a4bd9ffb5456aa1eda45ee4cfe57a,1.6426,남성,48,고졸 이하,서울,40-49,음식 서비스 종사원,3,4,8,1>3>9,34>29>35,57>56>63,34>29>1,1>2,2
c4cae7e94fe54137821bb526568a10c4,1.0627,여성,34,대학교 졸업,서울,30-39,일반 비서,4,4,6,13>9>1,42>34>29,56>57>63,42>34>29,1>4,2
c1a19d8bdc474a03b67740e1eb235f9c,1.3668,여성,55,고졸 이하,서울,50-59,국가행정 사무원,5,4,8,1>2>9,34>29>42,56>57>67,34>1>29,1>4,2
bd7675805dcd48b4a1103856cf31b4e1,1.6841,여성,45,대학교 졸업,서울,40-49,무직,4,4,8,2>1>9,34>42>27,56>58>57,34>2>42,1>2,2
5c4e132e49de461dac05cc4e7c321f2d,1.3668,여성,55,고졸 이하,서울,50-59,음식 서비스 종사원,4,4,6,1>9>2,34>27>29,57>64>58,34>1>57,1>4,2
dccdde133dfa4d2f876d9137d608a0d2,0.5873,남성,39,대학교 졸업,부산,30-39,사무 보조원,4,4,8,1>9>2,34>51>29,56>57>67,1>34>29,1>2,2
165839954dbe4d479dcb510d4b3939e9,1.3668,여성,58,고졸 이하,서울,50-59,노점 및 이동 판매원,4,4,2,9>1>10,34>27>29,57>56>67,9>34>1,1>2,2
f9e777dbd3494772be3881517fe3dd45,1.0627,여성,34,대학원 졸업,서울,30-39,입학 사정관,4,4,8,13>2>9,42>34>29,67>56>57,42>34>67,1>4,2
9d8d7bc5de744fae88098630b755302e,0.9516,남성,63,고졸 이하,부산,60-69,무직,4,4,8,1>9>2,34>27>39,56>57>61,34>1>27,1>2,2
9ac38ff04497466c8ec3587255ee3700,1.0627,여성,34,대학교 졸업,서울,30-39,시스템 소프트웨어 프로그래머,4,4,8,9>1>2,34>29>51,56>57>67,34>29>9,1>4,2
a1b6911fe7524dfcb5c748e33e2345af,0.8569,남성,41,대학교 졸업,부산,40-49,금속절곡기 조작원,4,4,1,1>2>9,34>29>27,63>57>68,1>63>34,1>2,2
fccaf171086549e7ada7525be434eefa,0.9544,남성,52,대학교 졸업,부산,50-59,경호원,5,4,8,1>9>2,34>54>29,56>58>59,34>1>54,1>3,2
414b01696f7f4c779665405a62738091,1.6820,여성,68,고졸 이하,서울,60-69,무직,4,4,8,9>2>10,34>27>35,56>57>68,34>9>27,1>3,2
ba1bb5057bed44c9925daf9819620d82,1.1101,남성,39,대학교 졸업,대구,30-39,반려동물 훈련사,4,4,8,9>1>14,34>39>29,56>58>60,34>9>29,1>2,2
c6427c9b520d490fa12c5b27d79af773,0.5873,남성,33,대학원 졸업,부산,30-39,산업 안전원,4,4,6,1>9>21,34>35>46,63>56>61,34>63>1,1>3,1
0e91663673844c1eb832b18086afbd77,1.0627,여성,38,대학교 졸업,서울,30-39,사무 보조원,4,4,8,9>1>2,34>29>27,56>57>67,34>56>29,1>2,2
8452c1299d384c23a8dc677f52e0147b,0.8217,남성,48,대학교 졸업,대구,40-49,철도교통 관제사,5,5,4,9>1>13,31>34>29,58>57>56,31>9>34,1>3,2
ceb10cb47a174d4f8a6f50847b858a7f,0.9544,남성,59,대학교 졸업,부산,50-59,일반 비서,4,4,6,1>2>9,34>35>29,63>56>58,1>34>63,1>4,2
1d7d8e1c79744e309299b81e3d027ad6,1.0769,여성,60,고졸 이하,부산,60-69,무직,4,4,2,1>13>9,34>51>29,58>57>68,1>34>13,1>2,2
f56670caeffe435b8a87208347e1ebf5,0.9928,여성,55,고졸 이하,부산,50-59,건물 청소원,4,4,1,1>2>9,34>35>27,61>58>56,1>34>61,1>2,2
0c6b5d7baa22429285560ce8b4fbc0c8,1.6841,여성,41,고졸 이하,서울,40-49,교육 및 훈련 사무원,4,4,7,1>2>9,29>34>39,57>58>67,34>29>1,1>3,2
a0057fdb202541e982e295e7168c2bb2,1.6820,여성,67,고졸 이하,서울,60-69,무직,4,4,8,9>1>10,34>27>29,56>57>68,34>9>56,1>2,2
faace5a11f524b17b75921d21b752834,1.0769,여성,65,고졸 이하,부산,60-69,무직,4,4,1,1>2>9,34>27>42,68>56>57,1>34>68,1>2,2
c1eaa66b0d2a4bc59bad54f12baa03f9,1.3916,남성,20,대학교 졸업,부산,19-29,경리 사무원,3,4,8,1>9>2,34>51>42,57>61>56,1>34>51,1>2,2
937f5b0e99c641bb8f31e8cd701668e3,0.8569,남성,44,대학교 졸업,부산,40-49,판매 사무원,4,4,1,1>9>13,34>29>51,56>58>61,1>34>29,1>2,2
44b0d24c581248debf33051522ed6848,0.4893,여성,26,대학교 졸업,대구,19-29,무직,4,4,4,9>1>2,29>34>39,68>67>60,9>29>68,1>4,2
f9c107b2478c41faa5f84f97663ae672,1.2465,여성,49,고졸 이하,대구,40-49,관광버스 운전원,5,4,8,2>1>5,29>34>35,56>57>58,29>2>34,1>2,2
869ec9a8291747d2b4cb36fb9acdb03d,0.6476,여성,37,대학교 졸업,대구,30-39,마케팅 전문가,4,4,8,9>11>2,34>51>29,57>64>67,9>34>51,1>2,2
e592ca7ecc72437bb278e1a481ee786a,0.4893,여성,21,대학교 졸업,대구,19-29,무직,3,4,8,9>1>14,34>42>51,56>67>57,34>67>9,1>2,2
d8a2b1be866843ed87d6a1fb3f1cd444,1.1101,남성,34,대학교 졸업,대구,30-39,마케팅 전문가,4,4,8,9>2>13,34>42>27,56>57>58,34>9>27,1>2,2
88caac8a940b4bd89d8e107e7931de77,0.7784,여성,56,대학교 졸업,대구,50-59,교육 및 훈련 사무원,4,4,8,9>13>1,34>51>29,56>57>58,9>34>56,1>3,2
30f54a9091a746d6883e6e907012e64b,0.7784,여성,53,대학교 졸업,대구,50-59,무직,3,4,8,9>1>2,34>27>42,56>67>57,34>9>27,1>2,2
56c4ea57268b4e71b363da3bd8d808bc,1.3971,남성,28,고졸 이하,인천,19-29,무직,4,4,8,1>9>2,34>27>29,56>57>68,34>1>29,1>2,2
9744aa71bb0848ea837e055b3269c4a9,0.9399,남성,56,고졸 이하,인천,50-59,시외 및 고속 버스 운전원,4,4,8,1>2>5,29>34>35,57>56>61,29>34>1,1>2,2
0781360f486944aabef7d32dc55e539a,0.6560,여성,21,대학교 졸업,인천,19-29,무직,3,4,8,1>9>11,34>51>54,67>56>57,34>67>1,1>4,2
eb59bf2eb82d4d77a6a7858c321b561d,0.9605,여성,68,고졸 이하,대구,60-69,무직,4,4,2,9>1>10,34>27>29,68>57>56,9>34>27,1>2,2
430b7894c52a4e0691c7a920808bb3b2,0.7784,여성,53,고졸 이하,대구,50-59,주방 보조원,3,4,8,9>1>10,34>35>27,63>58>56,34>35>9,1>2,2
20f9226243ee44898ad4a04fae00e4d0,1.4970,여성,32,대학교 졸업,인천,30-39,그 외 음료 조리사,3,4,8,1>9>2,34>29>27,57>56>64,34>9>1,1>4,2
1e648d6d783b4b5db218940ce1486edf,0.8396,여성,44,대학교 졸업,인천,40-49,119 구조대원,5,5,8,1>9>2,34>29>35,56>68>58,34>1>29,1>4,1
862909b4769747949f61d2d67fa97cc7,1.4970,여성,32,대학교 졸업,인천,30-39,자재 및 구매 관리자,4,4,8,1>2>9,34>29>35,56>57>58,34>1>29,1>3,2
bbe517a8c99d4712a6a82b9b1e47d56d,1.1544,여성,67,고졸 이하,인천,60-69,무직,4,4,8,9>1>2,34>51>27,56>57>68,34>9>51,1>2,2
1ff21bdecdf549aea6e0251b72f3b1b0,0.8915,남성,41,고졸 이하,인천,40-49,택배원,4,4,8,1>2>9,29>34>42,63>56>57,29>34>1,1>2,2
6a40a406a33041a2b78043f3d0de16fa,0.9399,남성,54,대학교 졸업,인천,50-59,단조원,4,4,8,1>9>2,34>29>27,63>57>56,34>63>1,1>2,2
51e8341e2ace4e83aa3c4bec2c361c3c,0.6560,여성,27,대학원 졸업,인천,19-29,무직,4,4,8,9>1>11,34>42>46,56>67>58,34>42>67,1>4,2
5aad60fc03b946e7ae3836d1fcf3152a,0.4486,남성,69,고졸 이하,광주,60-69,택배원,3,4,4,2>9>1,29>34>35,63>56>57,29>2>34,1>2,2
e2802390cb6a4c918c4d5c230bc406cc,0.5240,남성,49,대학교 졸업,광주,40-49,법무 사무원,4,4,3,14>9>1,34>29>35,56>58>68,14>34>29,1>2,2
df901f2ec50641b39defdc04d71b4716,0.8396,여성,41,고졸 이하,인천,40-49,그 외 돌봄 및 보건 서비스 종사원,4,4,8,9>2>11,34>29>27,56>68>57,34>29>56,1>3,2
964de88b05184346ab77daf32c39a530,0.4486,남성,64,고졸 이하,광주,60-69,건물 칸막이 설치원,4,4,6,9>1>2,34>46>35,63>56>57,34>9>63,1>2,2
4f066ea32a69490cad992d42e20a33a7,0.5240,남성,48,대학교 졸업,광주,40-49,사무 보조원,3,4,2,9>1>2,34>29>42,56>58>57,9>34>29,1>4,2
343a8977034c4acd8d7f179419c8af66,0.6560,여성,27,대학교 졸업,인천,19-29,무직,3,4,8,9>1>2,34>29>27,56>57>67,34>29>9,1>4,2
011fc37a573d44c281e42da27ce13b77,0.5240,남성,40,대학원 졸업,광주,40-49,비행기 조종사,5,5,7,1>2>9,32>34>29,57>56>68,32>1>34,1>3,2
27177e71159f448481a6f0523636c830,0.4433,여성,23,고졸 이하,광주,19-29,시설 경비원,5,4,8,1>9>4,34>35>46,56>57>60,34>14>1,1>2,2
0d877ec3386447a99ec99d263fa7ae47,0.5275,여성,41,대학교 졸업,광주,40-49,관리 비서,4,4,3,14>1>9,34>51>29,56>57>64,34>14>51,1>4,2
5094aea1f7c745e5a84707881cef67a2,0.4873,여성,60,고졸 이하,광주,60-69,무직,4,4,8,9>1>5,34>27>42,56>68>58,34>42>9,1>2,2
6ed002cfbced45cfa10d1141b7e66ecc,0.4433,여성,27,대학교 졸업,광주,19-29,국가행정 사무원,4,4,8,9>1>2,34>29>46,56>67>57,34>29>9,1>4,2
94385bc922014160824c9bcd97a593d5,0.5275,여성,47,대학교 졸업,광주,40-49,범용 소프트웨어 프로그래머,4,4,2,9>13>1,42>34>27,56>67>58,9>34>42,1>4,2
6c0dbfe7378b478ba932ed442f141de3,0.7524,남성,37,대학교 졸업,대전,30-39,품질 관리 사무원,4,4,7,2>9>11,34>29>35,57>58>56,34>29>2,1>3,2
62070a73e4004ab4804d69eaab03bdbf,0.5275,여성,42,고졸 이하,광주,40-49,무직,4,4,8,1>2>9,34>27>42,56>64>67,2>34>64,1>2,2
4ad4649ce8e344588da46d2349d3b2e8,0.7796,남성,19,고졸 이하,대전,19-29,무직,3,3,8,9>11>2,27>42>34,56>64>57,34>27>9,1>4,2
f3b18a937d89497bb92852f6851b6a48,0.7796,남성,29,대학원 졸업,대전,19-29,영업 관리 사무원,4,4,8,2>9>14,34>46>29,56>57>58,34>29>46,1>2,2
ba8e2ce5780c44ca831b3769b356ea67,0.4427,남성,59,고졸 이하,대전,50-59,승용차 및 승합차 운전원,4,4,4,2>5>9,29>34>35,57>56>58,29>34>2,1>3,2
6a8e82a045274920903394d51d965287,0.3847,여성,49,대학교 졸업,대전,40-49,무직,4,4,8,9>1>2,42>34>35,56>67>60,34>9>42,1>2,2
6ce8bd5295f24fb7a8e4749da9ca72b9,0.3847,여성,45,고졸 이하,대전,40-49,무직,3,4,8,9>1>11,34>27>29,56>59>68,34>9>27,1>4,2
1913db43daa54370a254b06b29cb94b3,0.8917,여성,58,고졸 이하,대전,50-59,한식 조리사,4,4,8,1>9>13,34>29>27,58>56>64,34>9>29,1>2,2
b9dbbafc836e4e8283fa981ca96698b1,0.5163,남성,26,대학교 졸업,울산,19-29,전자제품 개발 기술자 및 연구원,4,4,8,1>9>2,38>35>34,56>57>63,38>34>29,1>3,2
7775c3357a894a8492f23b11dea9b5be,0.5223,여성,64,고졸 이하,대전,60-69,무직,4,4,8,9>1>11,34>35>27,56>58>57,34>9>56,1>4,2
5829ae64a6d643c59dd5a14783836f6a,0.7190,여성,25,대학교 졸업,대전,19-29,소규모 상점 일선 관리 종사원,4,4,8,1>9>2,34>29>27,56>57>60,34>9>29,1>4,2
bb8e2554cb02418693955ee112ce4f47,0.4420,여성,32,대학교 졸업,대전,30-39,보험 사무원,4,4,8,9>2>1,34>29>27,56>57>68,34>29>9,1>2,2
d37babdb6dac48d7b8c1e214d7e0d259,0.6444,남성,46,대학교 졸업,울산,40-49,머시닝센터 조작원,4,4,6,1>9>2,34>42>29,63>56>57,34>63>42,1>2,2
9d8430156c3b4da18dd3f2b849d5173c,0.7337,남성,52,고졸 이하,울산,50-59,선반기 조작원,4,4,6,1>9>2,34>40>29,63>56>57,63>34>1,1>2,2
7489be004e9b455fad567d7180f7415d,0.6560,남성,66,고졸 이하,울산,60-69,강구조물 건립원,5,4,9,1>9>13,34>38>46,63>58>56,63>34>9,1>3,2
3fb36d1f2782461481a9e42b60da6834,0.6560,남성,69,고졸 이하,울산,60-69,무직,4,4,6,1>2>9,34>35>27,58>68>57,34>1>35,1>2,2
39e30f61e36d478d97a107f73d73867f,0.3844,여성,19,고졸 이하,울산,19-29,무직,3,4,8,1>9>2,40>34>27,56>61>57,34>40>1,1>2,2
a69ac0164bb7417bb15d8a1dc836488d,0.4873,여성,64,고졸 이하,광주,60-69,무직,4,4,8,9>1>2,42>34>51,56>68>57,34>9>56,1>4,2
c1bf18bdfc3743569efa37ad2eec4f5e,0.5163,남성,27,고졸 이하,울산,19-29,차량 도장기 조작원,4,4,6,1>9>11,34>38>29,63>56>57,63>34>1,1>2,2
74c521dbb77940d68a2568547e8e8496,0.1062,남성,30,대학교 졸업,세종,30-39,사회과학·경영 및 법학 교수,4,4,9,2>9>1,34>46>27,58>64>63,34>29>2,1>2,4
cc043407183f4532b27ea74d8d0be5be,0.5223,여성,60,고졸 이하,대전,60-69,출판 및 자료편집 사무원,4,4,1,1>2>9,34>27>29,56>57>68,34>1>27,1>2,2
43a3f84e5a57464288fb944cd0f9d91b,0.6431,여성,65,고졸 이하,울산,60-69,무직,4,4,8,1>9>2,34>40>35,56>68>57,34>1>40,1>3,2
3be9206b6dff42a290d218c02247f36e,0.4420,여성,34,대학원 졸업,대전,30-39,소규모 상점 경영자,4,4,8,1>9>2,34>42>51,56>57>67,34>51>67,1>2,2
1d7d484eb43c4529a017edcbd0797c49,0.1062,남성,38,대학교 졸업,세종,30-39,일반 비서,4,4,6,9>2>1,34>29>35,63>57>58,63>29>9,1>2,2
d81b0304a4a640ec870a779cdd1413f2,0.6007,여성,45,대학원 졸업,울산,40-49,마케팅 전문가,4,4,1,1>9>11,34>29>42,68>60>58,1>34>9,1>5,2
d8d65f3c10ea4c72ba4f716d7e614d92,0.1442,여성,67,고졸 이하,세종,60-69,무직,4,4,8,9>1>2,34>27>29,56>57>68,34>9>27,1>2,2
187d5211abca4b1a95d8e846586bd605,1.8749,남성,23,대학교 졸업,경기,19-29,경리 사무원,3,4,6,9>1>2,34>35>29,63>56>57,34>63>29,1>2,2
ba6fed1aff5a4b8eac0fb393fff86f7d,1.8749,남성,27,대학교 졸업,경기,19-29,금속공학 기술자 및 연구원,4,4,6,1>9>13,34>46>29,63>58>56,34>63>1,1>6,2
052b577ef6ae4ddc90ab1eefe8842a06,1.8749,남성,26,대학교 졸업,경기,19-29,우편집배원,4,4,6,9>2>1,29>34>42,57>68>67,29>34>9,1>2,2
9449fa524a9f44b28f34c5aa0c7c87d8,0.2162,여성,33,대학교 졸업,세종,30-39,무직,4,4,8,9>1>14,27>34>42,56>64>57,27>34>9,1>3,2
0205f148e28c41f1a029d89dc5c1a905,0.2872,여성,48,고졸 이하,세종,40-49,요양 보호사,4,4,8,9>1>14,27>34>29,68>56>57,9>34>27,1>3,2
9ad0ce8c3e5e45ea9916c13b33d96c7c,1.8362,남성,33,대학교 졸업,경기,30-39,상·하수 배관공,3,4,1,2>1>5,49>29>35,63>57>64,2>29>63,1>2,2
845d0da974874f98a68fbcbbbf85004e,0.2941,여성,22,대학교 졸업,세종,19-29,주방 보조원,4,4,6,9>2>1,34>27>29,63>64>57,63>9>34,1>2,2
ca68e94114184577a06075c41c47101a,1.8155,남성,46,대학교 졸업,경기,40-49,전기 용접원,4,4,6,1>2>9,34>29>35,63>56>57,34>63>29,1>2,2
7249f6badc0d4931af4e0139ffef8c86,1.7323,남성,53,대학교 졸업,경기,50-59,산업 안전원,5,4,6,9>1>13,34>29>42,63>56>68,63>34>29,1>3,2
7a0b226726fa425b9915449f39c3be09,1.8362,남성,30,대학교 졸업,경기,30-39,사무 보조원,3,4,7,1>2>9,29>34>42,56>63>67,29>34>1,1>2,2
0722b7a3153a4aad96c70ed941a7d863,1.8155,남성,40,고졸 이하,경기,40-49,그 외 자동차 운전원,4,4,5,1>2>9,29>34>41,63>57>56,29>34>1,1>2,2
7f1e5e1553f544098fb5724e3248be68,1.8362,남성,37,고졸 이하,경기,30-39,그 외 법률 관련 사무원,4,4,8,1>2>9,34>35>29,56>57>58,34>1>29,1>2,2
ef19025c0dda4dfa97cd22e29a7e5f4b,1.7323,남성,58,대학교 졸업,경기,50-59,무직,4,4,8,9>1>2,34>35>29,56>57>58,34>29>9,1>2,2
ee3a31907c144a349eee1d1ab73a82c3,0.2872,여성,46,대학교 졸업,세종,40-49,그 외 상점 판매원,4,4,8,1>2>9,34>29>42,56>57>58,34>29>1,1>3,2
258a3dc1b8064669b786f0f4214a5a65,1.8749,남성,28,대학교 졸업,경기,19-29,무직,4,4,7,9>1>2,34>51>42,56>57>58,34>9>51,1>4,2
ca7769576fbf4df8812b4a9786b42714,1.7323,남성,59,고졸 이하,경기,50-59,무직,4,4,2,2>9>1,34>27>42,56>57>68,34>2>9,1>5,2
3c081b1096534a8f89549fc8471aba19,1.7323,남성,55,고졸 이하,경기,50-59,"전직 경리 사무원, 현재 구직중",3,4,6,2>9>1,34>35>29,56>57>63,29>34>35,1>2,2
2e00a14f9f58425bb859152a5fea1727,1.7323,남성,57,고졸 이하,경기,50-59,영상·전자음향기기 설치 및 수리원,4,4,6,1>9>2,34>29>35,56>57>63,34>29>1,1>2,2
da40de9c5ec441f5aea92810f538bc8d,1.7663,남성,63,대학교 졸업,경기,60-69,무직,4,4,8,2>9>5,34>29>42,56>57>58,34>2>56,1>2,2
9527423960d34a8b8cbf608887e2eabf,1.7663,남성,69,고졸 이하,경기,60-69,무직,4,4,8,9>1>2,34>35>27,57>56>68,34>9>35,1>2,2
b204516110d149169968e7cadf2190aa,1.7663,남성,64,대학원 졸업,경기,60-69,화학제품 생산 관리자,5,4,6,9>1>11,38>34>27,63>56>57,38>34>9,1>3,2
916d3554fb504222aa3ada9697d35828,1.7663,남성,61,고졸 이하,경기,60-69,건물 경비원,4,4,8,1>2>9,34>35>46,56>57>60,34>56>1,1>2,2
a7bb501917b747bfb21562141e4785eb,1.7663,남성,66,대학교 졸업,경기,60-69,토목시공 기술자,4,4,6,13>1>9,34>46>35,56>58>63,13>34>46,1>2,2
a7bcbd3d03b24c53be1eb9588858dd0a,1.7663,남성,66,고졸 이하,경기,60-69,음식 배달원,4,4,1,1>2>9,29>34>27,56>57>67,29>1>34,1>2,2
3c5af92f96954ee697c3ccf569ae1556,1.9973,여성,25,대학교 졸업,경기,19-29,"전직 경리 사무원, 현재 구직중",4,4,8,1>9>2,27>34>42,56>64>68,34>27>56,1>2,2
39e01aed539d41c19f0eb54620d6446f,1.9614,여성,41,대학교 졸업,경기,40-49,무직,4,4,6,9>1>2,34>42>29,56>57>68,34>9>42,1>3,2
53b8310dd74d4698b53d6be2a25cc3fd,1.7154,여성,52,대학교 졸업,경기,50-59,치과 일반 의사,4,4,6,9>1>2,27>34>42,68>56>58,27>9>34,1>4,2
6969e509ad74457b943c028056b9503f,1.9973,여성,23,고졸 이하,경기,19-29,무직,3,4,8,9>1>2,42>27>34,56>58>67,42>9>34,1>3,2
7c5f9c8554cb45ef92c14208c6e46a95,1.7154,여성,51,고졸 이하,경기,50-59,대출 모집인,4,4,6,1>9>3,34>51>39,56>57>63,34>1>51,1>2,2
ff1e7397708640a8aa328819850facb1,1.7742,여성,61,고졸 이하,경기,60-69,무직,4,4,8,1>9>5,34>27>51,56>68>57,34>9>27,1>2,2
e4e791142364427f82e2bf05747a0810,0.6819,남성,69,고졸 이하,강원,60-69,농업 단순 종사원,4,4,2,2>13>9,33>27>34,62>68>57,2>13>33,1>2,2
ba4d7d095f6a4592841e362649465a01,1.6703,여성,34,대학교 졸업,경기,30-39,무직,3,4,8,9>11>2,27>34>29,56>57>58,27>34>9,1>4,2
3217fa07fa104da08504e6b58bc7d460,1.7154,여성,58,고졸 이하,경기,50-59,전화 상담원,4,4,8,9>1>10,34>51>29,56>57>68,34>51>56,1>2,2
47e9daca60864ae790414334f1e1a149,1.9973,여성,23,대학교 졸업,경기,19-29,무직,4,4,8,9>11>1,34>51>29,67>56>57,67>34>56,1>4,2
9670c8cd9e8f45ef976682b3c766017d,1.6703,여성,38,고졸 이하,경기,30-39,매장 계산원,3,4,8,2>9>1,34>29>27,56>64>57,34>29>2,1>2,2
eb5cd4fabcf14df9b8acc537ee22b7da,1.7154,여성,59,고졸 이하,경기,50-59,사무 보조원,4,4,8,1>2>9,34>27>42,56>57>58,34>27>1,1>2,2
2a31cbd4702642e1a25bfa8cf8198f03,1.7154,여성,58,고졸 이하,경기,50-59,그 외 물품 이동 장비 조작원,4,4,6,9>1>2,34>29>27,63>56>57,34>63>29,1>2,2
489897ac36904d80803bd9ae3d3509ed,1.9973,여성,27,대학교 졸업,경기,19-29,경리 사무원,3,4,8,9>1>2,34>42>51,56>58>57,34>56>9,1>2,2
a7e814a8ef814109a8e445b8c722a82f,1.6703,여성,38,대학교 졸업,경기,30-39,유치원 교사,5,4,8,2>9>1,27>34>42,68>56>59,68>27>34,1>3,2
5d1c308cd5d54a689abea62a8579b46f,1.6703,여성,32,대학교 졸업,경기,30-39,보육 관련 시설 서비스 종사원,4,4,8,9>11>2,27>34>29,56>64>67,34>27>29,1>3,2
0c57c1d441df4e6298b59db30b7d2198,0.6658,남성,26,고졸 이하,강원,19-29,시설 경비원,5,4,10,13>2>9,34>29>35,58>63>56,34>13>29,1>2,2
85372e644cb547a786f1a9fc2f07ab3c,0.9202,여성,55,고졸 이하,강원,50-59,소규모 상점 경영자,4,4,8,1>5>2,34>29>35,56>57>61,34>1>29,1>2,2
d850ada445074998b0b52b9a7eb32bb0,0.5118,남성,57,대학교 졸업,충북,50-59,"전직 식품 생산 관리자, 현재 구직중",4,4,6,9>2>1,34>27>42,58>57>56,9>34>2,1>2,2
9cd5f60b1fdd445c9640c369a9ef28e4,0.5294,여성,24,고졸 이하,강원,19-29,무직,3,4,8,1>2>5,34>29>27,56>57>61,34>1>29,1>2,2
e2fc2b78e5c64d26b935ece6c286a7ae,0.5118,남성,50,고졸 이하,충북,50-59,교육 및 훈련 사무원,4,4,6,9>2>1,34>29>35,56>63>58,34>9>29,1>2,2
a630283628574b2eb2678a96ad66766f,0.7387,남성,26,고졸 이하,충북,19-29,그 외 스포츠 및 레크리에이션 관련 전문가,3,4,8,1>9>10,34>29>42,56>58>57,34>29>1,1>2,2
6fe3776f5b2e4b3da56f1d64cf6d166b,0.6779,여성,69,고졸 이하,강원,60-69,무직,4,4,8,2>9>10,34>27>42,56>68>64,34>2>27,1>2,2
802e39f37db84045ad611a2d1b58c0fd,1.9614,여성,46,고졸 이하,경기,40-49,전기 용접원,4,4,6,1>9>2,34>35>38,63>57>56,63>34>35,1>3,2
36c37579b2a1414183399e4fafe9b82b,0.6779,여성,60,고졸 이하,강원,60-69,무직,4,4,1,1>2>9,34>27>42,68>56>61,1>34>68,1>2,2
1e206d3a3eb44c48a761a265e8c7938f,0.9701,여성,53,대학교 졸업,충북,50-59,무직,3,4,2,9>2>11,34>42>51,57>56>58,34>9>42,1>4,2
7c071ca455f04d54a8fdb7b2cec9e147,0.8470,남성,45,대학교 졸업,충북,40-49,무직,4,4,8,2>13>9,34>35>29,57>58>59,2>34>9,1>2,2
79a27d7c003440798a7950b1f5cb7f46,0.9608,여성,61,고졸 이하,충북,60-69,"전직 건물 청소원, 현재 구직중",4,4,8,9>1>13,34>42>27,56>58>68,34>9>56,1>2,2
fe7b3ee78c5e40058213e268aba6f6f1,0.6041,여성,19,고졸 이하,충북,19-29,무직,3,4,6,9>1>11,34>27>29,56>57>64,34>29>9,1>4,2
94185222d4e74cbba5c41bd00c467995,0.8182,남성,46,대학교 졸업,충남,40-49,그 외 기계공학 기술자 및 연구원,4,4,1,1>2>9,34>35>29,61>60>58,1>34>29,1>2,2
6abf434a7c3a487d97b4614283fbd531,0.9701,여성,59,고졸 이하,충북,50-59,단말기 및 통신 서비스 판매원,4,4,8,1>2>9,34>51>29,56>67>68,34>51>1,1>4,2
b303548092494e9ab175b058cb1a58bd,0.7387,남성,23,고졸 이하,충북,19-29,호송 경비원,4,4,8,9>2>1,34>29>42,56>57>67,34>29>56,1>2,2
badbf7e3a5544955a62aa7ad2c76c877,0.7810,여성,45,고졸 이하,충북,40-49,무직,4,4,2,1>2>9,34>35>27,57>64>68,34>1>27,1>2,2
dd9dd6d4f0b8488388edc62134ee11dd,0.7730,남성,30,대학원 졸업,충북,30-39,생산관리 사무원,4,4,8,9>2>11,34>39>29,57>56>63,34>29>57,1>2,2
6a3d3501d6744c0682e7dd2fbdfd2023,0.9102,남성,56,대학교 졸업,충남,50-59,무직,4,4,7,1>2>9,34>42>27,57>58>68,1>34>57,1>2,2
f628208a4a4b4dfaa5bb8ddd87b272c0,0.5118,남성,53,고졸 이하,충북,50-59,시설 경비원,4,4,7,9>2>1,34>35>29,57>56>58,34>29>9,1>3,2
b320398b9c6e4eef96bbc081be9bba80,0.7730,남성,39,대학교 졸업,충북,30-39,그 외 시멘트 및 광물제품 제조기 조작원,4,4,6,9>1>13,42>34>38,63>57>58,63>9>34,1>2,1
a4b16251dce74400b8669a1c99e3d12a,0.8341,여성,38,대학교 졸업,충남,30-39,경리 사무원,4,4,1,1>2>9,27>34>29,57>56>68,1>34>27,1>2,2
9184988f392d4f5cb3688ac0df6e825f,0.7720,여성,26,대학교 졸업,충남,19-29,자동 재단기 조작원,4,4,6,9>1>5,34>29>46,63>56>57,63>34>29,1>2,2
dde08991339f4403b8e06ed4664d2408,0.8341,여성,35,대학교 졸업,충남,30-39,무직,4,4,8,9>1>2,34>42>27,56>67>68,34>56>42,1>2,2
06dbaec02e084a64a46105137fa8f3b7,0.6625,남성,37,대학교 졸업,전북,30-39,무직,3,4,3,1>9>14,34>27>29,56>68>57,34>1>14,1>2,2
8e298d5aeab8412f8c9137aa2e1f75ef,0.6625,남성,36,대학교 졸업,전북,30-39,무직,4,4,3,2>1>9,27>34>42,68>57>56,27>2>68,1>3,2
dd4696bbb80944a1b82a1235055b1d63,1.0781,여성,40,대학원 졸업,충남,40-49,무직,5,4,8,9>1>2,34>38>46,56>57>68,34>9>46,1>3,4
06a72169b4234a348b7c87535877e30e,1.0781,여성,42,고졸 이하,충남,40-49,건물 청소원,3,4,8,1>2>9,34>29>27,56>57>63,34>1>29,1>2,2
0d86b6f2684745518fe31bcc3dbc91a0,1.7154,여성,59,고졸 이하,경기,50-59,무직,4,4,5,9>11>1,34>27>29,56>57>67,34>9>27,1>2,2
56e64653b9eb4ff688d599b074128148,0.8471,남성,64,고졸 이하,충남,60-69,그 외 하역 및 적재 단순 종사원,4,4,2,1>9>2,29>34>35,63>62>68,1>29>63,1>2,2
f6685e06388347298df867d800df5b46,0.8471,남성,66,고졸 이하,충남,60-69,무직,4,4,8,1>9>2,34>39>35,56>57>58,1>34>9,1>2,2
8ecfc3db5d844152a87ab1098cd82987,0.7607,남성,57,대학원 졸업,전북,50-59,무직,5,4,5,13>1>15,46>34>35,56>63>57,46>34>13,1>2,2
b18611f83c2647e8a45d0b3659e0c008,0.8471,남성,61,고졸 이하,충남,60-69,하역 및 적재 관련 단순 종사원,4,4,6,2>9>5,34>46>29,63>58>57,63>34>2,1>2,2
e3d335e0bb154ff79c1274aa429fde51,0.9608,여성,66,고졸 이하,충북,60-69,무직,4,4,2,1>9>2,34>27>29,62>68>57,1>34>62,1>2,2
ac26386aac46498492bd16ed50707390,0.8182,남성,48,대학교 졸업,충남,40-49,고무·플라스틱 기술자 및 연구원,4,4,6,1>9>2,34>29>38,63>56>57,34>1>29,1>3,2
acf6c2dbab9e47b6a785ed7b55dd511c,1.7663,남성,60,고졸 이하,경기,60-69,무직,4,4,8,1>9>2,34>29>35,56>57>58,34>1>29,1>2,2
bfd2d01273414ac4b37abbb5dee5d6a7,0.7067,여성,45,고졸 이하,강원,40-49,음료 서비스 종사원,4,4,10,13>2>5,34>29>35,57>58>63,13>34>29,1>2,2
a05d49652211451396d7cd3fdad29a48,0.6606,남성,68,고졸 이하,충북,60-69,무직,4,4,8,2>9>5,34>27>42,58>56>57,34>2>27,1>2,2
5ee4e6fa819f44339f1315e3f21ea3d7,1.2104,여성,51,대학교 졸업,충남,50-59,커피 및 차류 제조기 조작원,4,4,6,1>9>13,34>35>29,63>56>58,34>1>63,1>2,2
f5c21cdaa4e64f41bf720783b7e99d74,0.7090,남성,63,고졸 이하,전북,60-69,무직,4,4,3,14>2>9,34>27>29,58>56>68,34>14>58,1>4,2
62b44232635a407f956226f8b48d6e56,0.7917,여성,40,대학교 졸업,전남,40-49,무직,5,4,8,1>9>2,34>46>29,56>57>67,34>1>29,1>2,2
53195744d497422b8ecda5f39647cb8e,0.8230,여성,44,고졸 이하,전북,40-49,한식 조리사,4,4,3,13>1>9,34>27>29,64>57>58,34>13>29,1>3,2
f8775238401b4038912ca22cb5a9f0ea,0.7247,남성,25,고졸 이하,전남,19-29,그 외 건축 마감 관련 기능 종사원,4,4,6,1>9>2,34>42>29,63>57>56,63>34>1,1>2,2
1f09732a6e5041bcbe93008b625bcd6a,0.7247,남성,23,대학교 졸업,전남,19-29,생산관리 사무원,4,4,6,1>2>9,34>27>38,63>56>57,34>1>63,1>2,2
761427a215054baab31b4c1ae1ae1a36,0.6911,여성,58,고졸 이하,전남,50-59,농업 단순 종사원,4,4,1,1>2>13,27>33>29,62>57>68,1>62>2,1>2,2
722eeac8c1494732971261354776ac82,0.7607,남성,55,대학교 졸업,전북,50-59,경영 기획 사무원,3,4,3,1>14>9,34>29>27,63>62>57,1>34>29,1>2,2
0f7c91b5d7954b4da4538951588fe3a7,0.7067,여성,59,고졸 이하,전북,50-59,경리 사무원,4,4,3,1>9>2,27>29>34,56>57>68,14>34>27,1>3,2
e988dca3de5f4504815b60c52026fdce,0.8891,남성,41,대학교 졸업,전남,40-49,매장 정리원,4,4,1,1>2>9,34>27>29,56>57>63,1>34>9,1>2,2
ae070770fcc148d1b8fe1e5de2de2e52,0.7022,여성,68,고졸 이하,전북,60-69,무직,3,4,1,1>9>2,27>34>29,68>57>64,1>34>68,1>2,2
446daa68365e4791a92cad13de84a8d4,0.7396,여성,65,고졸 이하,전남,60-69,그 외 공예원,3,4,1,1>3>9,34>35>29,57>68>58,1>34>3,1>2,2
6f8c23b462c24dc9974e5c59d0cd03a1,1.0229,남성,39,고졸 이하,경북,30-39,유리 관련 기능 종사원,3,4,6,9>1>5,34>29>35,63>58>57,63>9>29,1>2,2
5507bf5e29064bb683f68fe00aee5733,0.7923,남성,62,고졸 이하,전남,60-69,무직,3,4,1,1>2>9,34>35>29,58>57>68,1>34>2,1>2,2
92030733936045ada02b2d97998436d3,1.2857,남성,40,대학교 졸업,경북,40-49,중형 화물차 운전원,4,4,4,5>13>1,29>34>35,63>57>58,29>5>34,1>2,2
40fdb7ea645c472283e188754574bacb,0.8300,남성,53,대학교 졸업,경북,50-59,무직,4,4,1,1>9>5,34>35>42,58>57>67,34>1>58,1>2,2
922c9150558f4938bcc682c47df7cab9,0.8300,남성,59,고졸 이하,경북,50-59,금형원,4,4,8,9>1>2,34>42>29,63>56>57,34>63>9,1>2,2
662feb8bb4544b5a9324517252790e26,0.8518,남성,66,대학원 졸업,경북,60-69,금속공학 기술자 및 연구원,4,4,6,14>1>2,35>36>34,63>57>68,14>35>63,1>2,1
46fc776c2bee459a94bf3ca9f58d4e26,0.8518,남성,62,고졸 이하,경북,60-69,노점 및 이동 판매원,4,4,6,1>2>9,34>27>29,57>58>56,34>1>29,1>2,2
ee118d18a2e64c67bfee6dd133031df8,0.5902,여성,42,대학교 졸업,경북,40-49,조사 전문가,5,4,7,1>9>14,27>34>42,67>64>57,34>14>27,1>3,2
e404a932bcce41d8b09beaa5f65bea66,0.5902,여성,49,고졸 이하,경북,40-49,간호조무사,4,4,8,9>1>2,34>29>27,57>67>63,9>34>29,1>2,2
41414940c6a64546893f29ac1e395e19,0.5902,여성,48,대학교 졸업,경북,40-49,전기 감리 기술자 및 연구원,5,4,8,9>1>2,47>34>46,57>56>63,34>47>57,1>2,2
e08561c8f990474ea680adfbb76e9784,0.8301,여성,62,고졸 이하,경북,60-69,무직,4,4,8,9>1>10,34>42>27,68>57>56,34>9>68,1>2,2
3b51759ec18b4af5a999aa088dab20c1,1.3315,남성,27,고졸 이하,경남,19-29,건물 경비원,4,4,1,1>2>9,34>35>27,56>57>68,1>34>56,1>2,2
14320f204a18444f8239b86938ee5c32,0.5902,여성,43,고졸 이하,경북,40-49,그 외 금속 공작 기계 조작원,3,4,6,1>9>2,34>35>27,63>56>57,63>34>1,1>2,2
a357d7bd25e4460f86e772269da4060a,1.0884,남성,56,고졸 이하,경남,50-59,상품 기획자,4,4,1,1>3>9,29>34>27,57>56>58,1>29>34,1>2,2
f5e01b1f46d2487d81ea8227f53f76aa,1.0884,남성,55,대학교 졸업,경남,50-59,배전반 조작원,4,4,6,1>13>9,34>35>46,63>57>64,34>1>63,1>2,2
95757ad41ad7436e8809126b80357379,0.9968,남성,62,고졸 이하,경남,60-69,단조원,4,4,6,1>9>2,34>35>30,63>57>68,63>1>34,1>2,2
9c03d2a8463c41a6909118d6122a274d,0.9048,남성,40,고졸 이하,경남,40-49,건물 경비원,4,4,8,1>2>9,34>35>29,56>57>60,34>1>56,1>2,2
3e03791d634846f48c019f50461e8bf8,1.1732,여성,33,고졸 이하,경남,30-39,계기 검침원,4,4,2,2>9>1,39>34>29,56>57>58,39>2>34,1>2,2
cec57e98d75747e99d7c732dcbbd3f4f,1.1381,여성,44,대학교 졸업,경남,40-49,출판 및 자료편집 사무원,4,4,1,1>2>9,34>27>29,61>58>60,1>34>29,1>3,2
1f05ffeb201d450592d86d449aad5011,1.1381,여성,45,대학교 졸업,경남,40-49,자동 조립라인 조작원,3,4,6,1>2>9,34>29>27,63>57>64,34>1>29,1>2,2
59e2aae48fa3414f8a81bd5b8b22e6ef,0.9968,남성,67,고졸 이하,경남,60-69,하역 및 적재 관련 단순 종사원,3,4,6,1>9>2,34>29>35,63>57>68,34>63>1,1>2,2
3d455c7388604ab5833582a1dd2a3023,1.0423,여성,56,대학교 졸업,경남,50-59,일반 간호사,4,4,6,1>9>2,27>34>29,56>68>57,27>34>1,1>4,2
b6d0fa983f4f42e19df7384d70579d6e,1.0423,여성,57,고졸 이하,경남,50-59,그 외 고객 상담 사무원,4,4,8,1>9>2,34>27>29,56>57>67,34>1>27,1>3,2
54591353c6d245faac3f88623621593d,0.9048,남성,47,대학교 졸업,경남,40-49,"전직 생산관리 사무원, 현재 구직중",4,4,6,1>9>13,42>27>34,56>58>57,42>1>34,1>2,2
cf49b7aad2ec4bafb9b4761fc8191e78,0.9942,여성,66,고졸 이하,경남,60-69,무직,4,4,1,1>9>2,27>34>42,56>68>58,1>34>9,1>3,2
958f050f2cae4944824c458d1248d8b5,0.9942,여성,69,고졸 이하,경남,60-69,건물 청소원,4,4,7,1>9>13,27>34>35,56>58>68,1>34>27,1>2,2
8ee8ea7d61904b9ab6ce80611cd504e4,0.2864,남성,19,고졸 이하,제주,19-29,무직,3,4,1,1>9>21,29>51>34,61>58>56,1>29>9,1>2,2
95e713df7e0447879949634b7e49756b,0.9942,여성,62,고졸 이하,경남,60-69,무직,4,4,1,13>2>9,27>33>34,68>62>58,13>27>68,1>2,2
f7467443da7040a38b0a71919767c62b,0.7717,여성,58,고졸 이하,경북,50-59,무직,3,4,7,1>9>2,34>40>29,56>57>58,34>1>9,1>2,2
6ea91a94be0d4bbba3f69053e43dbf69,1.3474,남성,37,대학교 졸업,경남,30-39,금속공학 기술자 및 연구원,4,4,1,1>2>22,34>29>35,63>58>57,1>34>63,1>3,2
78793a901a0e48adbe01c3f8d64a94c9,0.3525,여성,60,고졸 이하,제주,60-69,무직,4,4,1,1>2>4,34>29>42,68>58>56,1>34>29,1>2,2
f016ef933a5c4db3b929fc471d592f49,0.1912,남성,34,대학교 졸업,제주,30-39,교육 및 훈련 사무원,4,4,1,1>13>9,29>34>27,61>62>68,1>61>29,1>4,2
f2174cbe3ed1488085512360713e76a8,0.1912,남성,36,대학교 졸업,제주,30-39,플랜트공학 기술자 및 연구원,4,4,1,1>2>4,35>34>47,63>57>61,1>63>35,1>2,2
c6b9bd069d7e4d1db6fb6062b9441bb0,0.3740,여성,41,대학교 졸업,제주,40-49,무직,4,4,1,1>4>5,27>34>42,68>57>64,1>27>34,1>3,2
1df0681b0b4e46ee8b6aa9a146b76a2e,1.1815,남성,32,대학교 졸업,서울,30-39,지게차 운전원,4,4,7,9>2>1,34>29>32,63>56>57,63>34>29,1>2,2
eb0b98ac57de40c5a36dffd0e6b43d06,0.5007,여성,24,대학교 졸업,제주,19-29,청원경찰,4,4,7,1>23>9,34>51>29,56>57>67,1>34>67,1>4,2
91de655f2b4c470099f8a5c9ad3973c3,0.1912,남성,38,고졸 이하,제주,30-39,전화 상담원,3,4,7,1>4>2,34>29>27,56>57>58,1>34>29,1>2,2
ebf5ea53f00847f59940ddab05d73693,1.5626,남성,19,고졸 이하,서울,19-29,무직,4,4,8,9>2>11,34>27>29,56>57>67,34>9>27,1>2,2
793874e2810d4d9fa449acbdf155f102,1.1815,남성,34,대학교 졸업,서울,30-39,철도운송 관련 종사원,4,4,7,9>2>13,31>29>46,57>56>58,31>29>9,1>3,2
68a896b7c8b24fa1bc380693210ee3ea,1.1381,여성,48,고졸 이하,경남,40-49,무직,4,4,8,1>2>9,34>29>35,57>56>68,1>34>29,1>2,2
76100767f6f344459a18c06b5f773e0c,1.5626,남성,27,고졸 이하,서울,19-29,웹 운영자,4,4,8,13>9>2,34>51>29,56>58>57,34>29>13,1>3,2
8e1dadc6088b46aabcd48c185ee0664a,0.4216,여성,59,대학교 졸업,제주,50-59,무직,4,4,1,1>13>9,34>27>29,68>58>61,1>34>68,1>2,2
01356648ab4642b380889ed20b1c701d,1.1815,남성,34,고졸 이하,서울,30-39,회계 사무원,3,4,7,9>2>1,34>29>50,56>57>67,34>29>2,1>2,2
5e2332dbfa3a4c46bd3a7c73f2789185,1.1815,남성,39,대학교 졸업,서울,30-39,데이터 설계 및 프로그래머,4,4,8,9>2>1,34>35>29,68>56>58,34>29>9,1>4,2
2c8ade9f29c24a87b492a6f1b76c4fee,1.0558,남성,59,고졸 이하,서울,50-59,"전직 건물 경비원, 현재 구직중",4,4,8,1>13>9,34>35>29,56>57>67,34>29>35,1>2,2
5d627a02f1dc41b8b6260232b51b013b,1.0558,남성,51,고졸 이하,서울,50-59,사무 보조원,4,4,8,9>1>5,34>29>35,63>56>57,34>29>63,1>2,2
dd586ea6f3d64366b13efe82e931945b,1.0558,남성,50,대학교 졸업,서울,50-59,생산관리 사무원,4,4,8,9>1>2,34>46>29,58>56>63,34>29>9,1>2,2
02483a9152c24291ab2b2e9048fa69a3,1.1815,남성,30,고졸 이하,서울,30-39,그 외 일반 영업원,4,4,8,1>9>14,34>29>27,57>67>56,34>29>1,1>2,2
e79557fdd96c484e96db780ac60337a5,1.7593,여성,22,대학교 졸업,서울,19-29,그 외 음료 조리사,3,4,8,9>14>1,34>29>35,56>57>60,34>29>9,1>2,2
8cd0640f1f60454c81a485daab2e2210,1.0558,남성,52,고졸 이하,서울,50-59,수금원,4,4,8,9>13>1,34>29>35,58>56>57,34>9>29,1>2,2
f5f09046b35a4e45afef6a52e91adbaf,1.7593,여성,28,대학교 졸업,서울,19-29,무직,4,5,6,9>13>2,34>27>54,56>57>58,34>9>27,1>4,2
3d9645ca777b40d0b69703f9049396e2,1.7593,여성,25,대학교 졸업,서울,19-29,보육교사,4,4,8,9>2>1,34>42>29,68>56>58,34>42>9,1>4,2
32f88f80644e4f41b9a23871aceba7b7,1.6426,남성,47,대학교 졸업,서울,40-49,소방시설 공사 기술자 및 연구원,5,4,6,2>1>9,34>29>35,56>57>63,34>29>2,1>2,2
cb81501c727a45fba3a24f0f3a2045f4,1.6841,여성,40,대학교 졸업,서울,40-49,무직,4,4,8,2>9>13,34>54>27,56>58>57,34>2>9,1>4,2
9d894bfd3adf4cc28361297e7b2fbb03,1.6841,여성,46,대학교 졸업,서울,40-49,무직,4,4,8,9>2>1,34>27>29,56>57>68,34>9>27,1>4,2
67bb66b3df7a44f6911055e4661773e7,1.0627,여성,34,대학교 졸업,서울,30-39,주방 보조원,3,4,6,1>2>9,34>27>29,63>57>56,34>63>57,1>4,2
ff01d88cbb3c45eba3ca9a3dce544d95,1.6841,여성,42,대학교 졸업,서울,40-49,무직,4,4,8,13>9>2,34>27>35,56>58>67,34>13>27,1>4,2
a7fe320bf86e4f87ae39f01ae6db0a4a,1.3668,여성,50,고졸 이하,서울,50-59,무직,4,5,8,13>1>9,34>29>27,56>58>57,34>13>29,1>2,2
3be2cd4c482e4131a6a1cd571a7b3ff7,1.0627,여성,33,대학교 졸업,서울,30-39,무직,3,4,4,9>1>11,34>27>42,56>57>67,34>9>42,1>4,2
14084081d87548c5b25ae89181b8c60d,1.6841,여성,49,대학교 졸업,서울,40-49,무직,4,4,8,9>2>11,34>27>42,56>67>57,34>67>56,1>4,2
238bdff4a84949abac1bf364a9d78ca9,1.3668,여성,55,고졸 이하,서울,50-59,그 외 환경미화원 및 재활용품 수거원,4,4,2,9>1>5,34>29>35,63>56>57,34>29>9,1>2,2
cd5d811ee96244029fcbe4866211913a,1.0627,여성,34,대학교 졸업,서울,30-39,그 외 상점 판매원,3,4,8,1>9>2,34>29>42,63>56>57,34>1>29,1>2,2
f9bd537835894511bf6e70148cd316a7,1.3668,여성,51,고졸 이하,서울,50-59,시설 경비원,4,4,8,9>2>1,34>27>29,68>56>58,34>9>68,1>3,2
f2eae859345e46f0891edb438d3ab782,0.5873,남성,38,대학교 졸업,부산,30-39,도축원,4,4,6,1>2>9,34>35>27,63>58>57,1>34>63,1>2,2
59cd9aba604a400ea5b1774b1b5f7eae,0.5873,남성,33,대학교 졸업,부산,30-39,청소년 지도사,4,4,8,1>9>14,27>34>29,56>67>57,1>34>27,1>4,2
dc36de07749f4632894b8181506f3d4c,1.3916,남성,21,대학교 졸업,부산,19-29,일반 비서,3,4,6,1>2>9,34>29>35,63>67>61,1>34>29,1>2,2
0263b53e09a840379132df7c482cceb4,0.8569,남성,43,고졸 이하,부산,40-49,웹 운영자,4,4,8,1>2>9,51>34>29,58>59>57,1>51>34,1>2,2
039af0855e52498badebad4e64bcd108,1.3668,여성,58,고졸 이하,서울,50-59,지방행정 사무원,4,4,4,9>1>13,27>34>29,57>58>56,9>34>27,1>3,2
248dd46ed90e4ac0a3632ae77b2970d8,0.9544,남성,57,고졸 이하,부산,50-59,광석 및 석재 가공장치 조작원,4,4,6,1>2>9,34>35>29,63>57>56,1>34>63,1>2,2
46a2c0dce785445cb057d7fe945a111e,0.8569,남성,40,대학교 졸업,부산,40-49,사탕·껌 및 초콜릿 제품 기계 조작원,4,4,6,1>2>9,34>35>27,63>56>57,1>34>63,1>2,2
a84806697fb44641a1ba10582924c960,1.3371,여성,23,대학교 졸업,부산,19-29,관세행정 사무원,4,4,8,1>2>9,27>34>42,56>57>61,1>34>27,1>3,2
ecca289fd6554f0d99827a55f25afc48,0.9544,남성,54,대학교 졸업,부산,50-59,건물 내 전기 설치 및 정비원,4,4,8,1>2>9,34>35>46,57>63>61,34>1>57,1>2,2
1d7d18472f8a4d81ad18a4cfd03c6f8e,0.9171,여성,33,대학원 졸업,부산,30-39,무직,4,4,8,1>2>9,34>27>54,56>58>59,34>1>56,1>4,2
0547b16e8a9c42909762b1b578e1fd25,0.9516,남성,67,고졸 이하,부산,60-69,무직,4,4,8,1>9>2,34>29>51,56>57>68,34>1>29,1>2,2
3bee185455074a9daa9024360965a05b,1.1175,여성,41,대학교 졸업,부산,40-49,상담 전문가,4,4,8,1>13>9,27>34>35,56>59>68,1>34>56,1>4,2
b09d65373dc44ebf925c9d8342b5cc3a,0.9928,여성,56,고졸 이하,부산,50-59,무직,4,4,8,1>9>2,34>35>42,56>57>68,34>1>56,1>2,2
e332ca555acd4e0fbb179e686579c2fc,0.9171,여성,35,고졸 이하,부산,30-39,건물 청소원,4,4,1,1>2>9,34>29>42,56>57>63,1>34>29,1>2,2
42bcdef47b25439fbc61bc7d1740c24d,1.3371,여성,25,대학교 졸업,부산,19-29,무직,4,4,1,1>13>9,34>27>42,56>58>61,1>34>27,1>3,2
6814f17ba94c4ed28258e5a8f15d31cd,1.3668,여성,51,고졸 이하,서울,50-59,신차 영업원,4,4,8,9>1>11,34>29>51,56>57>58,34>29>9,1>2,2
f37911422fac4ba695e02dc6fe746fe2,1.0769,여성,62,고졸 이하,부산,60-69,무직,3,4,2,1>9>10,34>35>42,61>68>67,1>34>35,1>2,2
425a905ac962481fa14f98e1d9486019,0.5873,남성,39,대학교 졸업,부산,30-39,육상운송 관련 관리자,4,4,8,1>2>9,29>34>51,63>61>68,29>1>63,1>2,2
39aba9f04602477a9bfb0582afb292a9,1.1175,여성,45,대학교 졸업,부산,40-49,데스크 안내원,4,4,8,1>9>2,34>51>42,56>57>68,34>29>1,1>2,2
0fab34fa59504293ac7256459dc53069,1.0769,여성,60,고졸 이하,부산,60-69,무직,4,4,1,1>2>9,34>42>27,56>57>68,34>1>56,1>2,2
26c01e9682754752a6c7787112c42f1d,0.9171,여성,35,대학교 졸업,부산,30-39,유치원 교사,4,4,8,1>9>2,27>34>29,68>56>64,1>68>34,1>4,2
254e9f86a4fa4b6cbd97f7387fe6955c,1.0752,남성,28,대학교 졸업,대구,19-29,육군 병사,4,4,8,9>13>1,34>46>35,56>57>58,34>9>46,1>3,2
958c6bc9282847c1af61afd74440d803,0.8217,남성,49,대학교 졸업,대구,40-49,장례 지도사,4,4,8,9>13>2,34>29>35,56>68>57,34>29>9,1>4,2
105a7151a3c24548b1d35433dfddd5ba,0.4893,여성,27,고졸 이하,대구,19-29,무직,3,4,8,9>2>1,34>27>29,56>64>67,34>9>29,1>4,2
18f0f92fa1f341ab90996c1333ec336d,0.9858,남성,57,고졸 이하,대구,50-59,무직,4,4,8,13>9>1,34>41>27,68>56>58,34>13>9,1>4,2
13b2238c355548e5ba70c9206b8037e9,0.8784,남성,60,고졸 이하,대구,60-69,무직,4,4,2,9>2>10,34>35>42,57>58>68,34>9>2,1>2,2
b28e97f9fccc4575b491eb62392d4f04,0.4893,여성,21,대학교 졸업,대구,19-29,무직,3,4,8,9>10>11,34>27>42,56>67>57,34>56>9,1>5,2
48a0bb2080ab496090b9e63aca94e91e,0.8217,남성,46,대학교 졸업,대구,40-49,금속공학 기술자 및 연구원,4,4,8,9>2>1,34>29>27,63>56>57,34>9>29,1>2,2
b9621392b1ca4550bf3d739abe87ffb5,0.6476,여성,31,대학교 졸업,대구,30-39,마케팅 전문가,4,4,8,9>11>13,54>34>42,56>58>68,9>54>34,1>4,2
e306afeaac8d47eb867cb30a1585d142,0.6476,여성,38,대학교 졸업,대구,30-39,일반 간호사,5,4,6,9>2>14,34>29>27,56>64>57,34>9>29,1>4,2
34ecbddecdda4401ba359c24b5259f1e,1.2465,여성,40,고졸 이하,대구,40-49,무직,4,4,8,9>1>11,27>42>34,56>57>68,42>27>34,1>2,2
fe4f681ac3124cc9aca8418d9099b41a,1.0887,남성,32,대학교 졸업,인천,30-39,범용 소프트웨어 프로그래머,4,4,8,9>1>11,34>29>51,56>59>68,34>9>29,1>2,2
220ebe1e5d934924b33543758d375007,0.9605,여성,60,고졸 이하,대구,60-69,사무 보조원,4,4,8,9>1>2,34>29>51,56>68>57,34>9>29,1>2,2
ee6d3c54049d4315a650d4a757b662d6,1.3971,남성,22,고졸 이하,인천,19-29,가구 도장기 조작원,3,4,8,9>1>11,34>35>40,63>56>57,34>63>35,1>2,2
32d782eaeeb845f291172bc5fe6e25eb,1.0887,남성,38,고졸 이하,인천,30-39,전기 용접원,4,4,8,1>2>9,34>35>29,63>57>56,63>34>29,1>2,2
a0399372575042eabee591924b8998b9,0.6560,여성,22,고졸 이하,인천,19-29,프레스기 및 절단기 조작원,3,4,8,1>2>9,34>29>35,63>56>57,63>34>29,1>2,2
6dd2e526748643cab21ca17edefcbabd,0.8915,남성,45,고졸 이하,인천,40-49,영업 관리 사무원,4,4,8,1>2>9,27>29>34,56>64>68,34>27>29,1>2,2
eb976bfad5584899a966f27cd858c499,0.8396,여성,41,고졸 이하,인천,40-49,무직,4,4,8,2>9>1,34>27>42,56>68>57,34>2>56,1>2,2
cebd1bc19e414d46bd5b9de6e02b5285,0.9468,여성,59,고졸 이하,인천,50-59,음료 서비스 종사원,4,4,8,1>2>9,34>29>42,56>57>63,34>1>29,1>2,2
3643231523e54612b861521e45586a8f,1.1544,여성,68,고졸 이하,인천,60-69,무직,4,4,8,1>9>10,34>51>39,56>57>68,34>1>56,1>4,2
323d8c9f94324b5b8a394f27f8aefdc3,0.8396,여성,46,고졸 이하,인천,40-49,전화 상담원,4,4,8,1>9>2,34>27>42,56>64>57,34>1>27,1>2,2
185c06357a424e9d8f963b268dd123d8,1.1214,남성,64,대학교 졸업,인천,60-69,무직,4,4,8,1>9>2,34>27>29,56>57>68,34>1>27,1>2,2
27f54a12783544dca3d5de21fde26b0b,0.4393,남성,50,대학교 졸업,광주,50-59,산업기계공학 기술자 및 연구원,4,4,6,9>1>13,34>42>29,56>63>57,34>9>42,1>2,2
c3905936adb34a62beefc651dae42ba4,0.4393,남성,58,고졸 이하,광주,50-59,강구조물 건립원,4,4,6,9>1>13,46>34>29,63>58>57,63>46>9,1>3,2
1763c14d7065417ab567c739227e46fc,0.7238,남성,28,대학교 졸업,광주,19-29,건물 경비원,4,4,8,1>2>9,34>35>46,56>57>63,34>1>56,1>2,2
42a3b3a2cb78436b93778a480f2a8d12,0.4486,남성,62,고졸 이하,광주,60-69,하역 및 적재 관련 단순 종사원,4,4,6,1>2>9,34>29>35,63>57>68,63>34>29,1>2,2
a1a49fa32e56430096df348800122f92,0.4433,여성,21,고졸 이하,광주,19-29,"전직 화학물 가열 처리 장치 조작원, 현재 구직중",4,4,6,1>9>2,38>34>39,63>67>56,38>34>1,1>4,2
0c46fb054106432abc6e3285162f29c7,0.7784,여성,56,고졸 이하,대구,50-59,가스 용접원,4,4,6,1>9>2,34>35>27,63>56>57,34>35>63,1>2,2
ec5a356789af4cc98667998a088555f3,0.4393,남성,58,고졸 이하,광주,50-59,건물 경비원,4,4,8,1>2>13,34>27>29,56>58>57,34>1>56,1>4,2
e416df7eabc340cab61623c7af700948,0.8982,여성,53,고졸 이하,광주,50-59,무직,3,4,2,1>2>9,34>27>35,57>56>67,1>34>9,1>2,2
f24ed083a5f3456abe36745a03055b7f,0.4873,여성,61,고졸 이하,광주,60-69,그 외 서비스 관련 단순 종사원,4,4,8,2>13>9,34>35>27,56>57>68,34>2>56,1>2,2
a386b559962245c2987b3544a396afaf,0.4427,남성,53,대학원 졸업,대전,50-59,무직,4,4,8,9>1>2,34>42>51,56>57>68,34>29>9,1>2,2
97947e3a883d42679fcce859019bc2c0,0.7691,남성,46,대학원 졸업,대전,40-49,범용 소프트웨어 프로그래머,4,4,8,9>2>14,34>51>29,56>57>68,34>9>51,1>3,2
418c4e59226e43ad934012efa46498a4,0.4393,남성,51,고졸 이하,광주,50-59,무직,3,4,7,1>9>14,34>29>35,56>57>58,34>1>29,1>2,2
5d436af8d01e4c91a91c0513b451fab1,0.4420,여성,35,대학교 졸업,대전,30-39,무직,3,4,8,9>2>11,42>34>29,56>57>67,34>42>9,1>2,2
ee7184d9ed2940ab987b1785a9a0cdba,0.4427,남성,50,대학교 졸업,대전,50-59,건물 내 전기 설치 및 정비원,4,4,8,9>1>2,34>35>29,57>56>63,34>57>1,1>2,2
65f973e6b8074b70ac1d8b64736d2a4a,1.1214,남성,68,대학교 졸업,인천,60-69,토목 제도사,4,4,8,1>9>2,34>46>27,56>57>68,34>1>46,1>2,2
186cc0c74f2f4496b0350d8d2114d9a0,0.7190,여성,24,대학교 졸업,대전,19-29,무직,3,4,8,1>9>2,34>27>42,56>67>60,34>1>27,1>4,2
ee7dac68492048f6875577da736a2348,0.3847,여성,45,고졸 이하,대전,40-49,상품 기획자,4,4,8,1>2>9,27>34>35,56>64>67,34>27>1,1>3,2
e9f922d3fb6f4ac3a9a08041da614f65,0.7370,남성,64,대학교 졸업,대전,60-69,전기 용접원,5,4,6,9>1>2,34>46>35,63>56>57,63>34>9,1>4,1
d0a0339e5d8f437b9ab0ddf903501729,0.7337,남성,57,고졸 이하,울산,50-59,항공기 배관공,5,4,7,1>2>9,34>35>29,63>57>58,34>1>63,1>2,2
b1505011809c4eb1beb73e87ca1e16b7,0.5223,여성,64,대학교 졸업,대전,60-69,무직,4,4,7,9>2>1,34>29>27,57>56>68,34>9>29,1>3,2
c28c5acc87f44a8bbe9b018b12184b4a,0.5505,남성,34,대학교 졸업,울산,30-39,자동 조립라인 조작원,4,4,6,1>9>3,35>34>38,63>57>56,63>34>1,1>2,2
f21a5ee856ae453c91a938e01d777732,0.3847,여성,48,고졸 이하,대전,40-49,소규모 상점 경영자,4,4,8,1>2>14,34>27>29,56>57>68,34>14>1,1>2,2
5e5135fa18a74a7ead83b2206a798b2b,0.8917,여성,53,고졸 이하,대전,50-59,건물 청소원,3,4,6,9>1>10,34>29>35,56>63>67,34>9>29,1>2,2
feb560dd7de34bfbb86a86ab85be48a2,0.4427,남성,59,대학교 졸업,대전,50-59,총무 사무원,4,4,8,9>1>10,34>29>27,56>57>67,34>29>9,1>2,2
469fab93c3424f93bd18178d9e24ef63,0.6431,여성,60,고졸 이하,울산,60-69,무직,4,4,8,9>1>2,34>40>27,68>56>60,34>40>9,1>3,2
939faa964fad4aaeb6f15bb8e68e26b5,0.7524,남성,37,대학교 졸업,대전,30-39,무직,4,4,8,9>5>1,34>42>29,57>56>60,34>9>29,1>2,2
8c7c31547189463e8db4bf3560ab62b4,0.2759,남성,49,대학교 졸업,세종,40-49,상품 기획자,4,4,8,9>1>11,34>29>51,56>57>60,34>9>29,1>2,2
ccc46a1447f444fda82b6271d0f12820,0.7370,남성,66,대학교 졸업,대전,60-69,"전직 그 외 서비스 관련 단순 종사원, 현재 구직중",4,4,8,2>9>1,34>35>27,57>56>68,34>2>27,1>2,2
08aae9beb7244470ac92c1b6c374f947,0.1062,남성,38,대학교 졸업,세종,30-39,품질 관리 사무원,4,4,6,9>1>2,34>35>29,63>56>57,34>9>63,1>2,2
ed03abf878cd46a9abe708f551ebecd7,0.6007,여성,42,고졸 이하,울산,40-49,무직,4,4,8,1>9>2,34>35>29,56>57>64,34>1>29,1>2,2
9e3629e461294c84b8875173409b03d3,0.2050,여성,55,대학교 졸업,세종,50-59,무직,4,4,8,9>1>11,42>34>51,56>57>67,34>56>42,1>3,2
515cd3db4e2a46de96651c6ec950cc3a,0.2050,여성,52,고졸 이하,세종,50-59,음식 서비스 종사원,4,4,8,9>1>2,34>27>42,64>56>57,34>64>9,1>3,2
0f8733fab69f4f7a8cb5c98d1c177b94,0.1442,여성,64,고졸 이하,세종,60-69,무직,4,4,8,9>1>2,34>27>42,56>57>68,34>9>27,1>2,2
876f75b28fd344a59e7aa4501e845624,1.8749,남성,20,대학교 졸업,경기,19-29,건물 내 전기 설치 및 정비원,4,4,6,1>9>2,34>47>29,57>63>56,63>57>34,1>2,2
9a21fb83b32542faa1668d7417b17da4,1.8749,남성,22,고졸 이하,경기,19-29,"전직 해군 부사관, 현재 구직중",3,4,8,9>1>2,34>29>51,56>57>67,34>29>56,1>4,2
667d1d15e76c412eb638574b23e3cff1,0.2759,남성,43,대학교 졸업,세종,40-49,무직,5,4,7,1>9>2,51>27>29,57>68>58,51>1>57,1>5,2
9bf1659d081b4456a9af13cfb8826496,0.1062,남성,39,대학원 졸업,세종,30-39,그 외 시각 디자이너,4,4,8,2>1>9,29>34>27,56>68>64,29>34>2,1>2,2
f73585a60420479bbd49e2c9fd97d307,1.8362,남성,36,대학교 졸업,경기,30-39,산업 안전원,5,5,6,2>1>9,34>29>35,56>63>68,34>29>63,1>3,2
7e824f0732494d46aa9a57ffb35db7ef,0.7338,여성,52,고졸 이하,울산,50-59,그 외 미용 관련 서비스 종사원,4,4,8,1>9>11,34>27>51,67>56>68,34>1>67,1>2,2
7a6ba5f97180425983a1e9d6a9925dec,1.8362,남성,31,대학교 졸업,경기,30-39,무직,3,4,8,9>1>11,34>29>35,57>56>63,34>29>57,1>2,2
90e8dddd3a254870bb90550a838bdeec,0.2234,남성,51,대학교 졸업,세종,50-59,철도 기관사,5,4,4,1>9>13,34>31>27,56>58>57,34>29>27,1>4,2
065f5cfcc24844b2b324f43c3fcae6a2,1.8749,남성,28,대학교 졸업,경기,19-29,생산관리 사무원,4,4,6,1>2>9,34>35>51,63>56>57,34>63>1,1>3,2
0fa6266be31e4e0f9560facb1f2f27cb,1.8362,남성,36,대학교 졸업,경기,30-39,예약 및 접수 사무원,3,4,7,9>1>2,34>29>42,56>57>58,34>29>9,1>2,2
a61c82706c29448886dd11dc1873d1b8,1.8155,남성,41,고졸 이하,경기,40-49,중형 화물차 운전원,4,4,8,1>2>5,29>34>42,63>56>58,29>1>34,1>2,2
7d9d450f026f4af289731b0de46afd39,1.8155,남성,40,고졸 이하,경기,40-49,보험 설계사,4,4,8,1>9>10,34>29>42,56>57>64,34>29>1,1>2,2
db5c42b9c15b4685b48d89badcb1ffdc,1.8155,남성,43,대학교 졸업,경기,40-49,육군 부사관,4,4,8,1>9>2,34>29>51,56>57>67,34>29>1,1>2,2
25e9976290b7447faaf8bb03628e51d7,1.8155,남성,47,고졸 이하,경기,40-49,회계 사무원,4,4,8,9>2>10,34>29>51,56>57>64,34>29>9,1>2,2
49b5baf06bab4be48f14bf808b2b4423,1.7323,남성,56,대학교 졸업,경기,50-59,산업 안전원,5,4,6,1>2>9,34>35>42,63>56>57,63>34>1,1>4,1
3f634889c02f4e0885e6ad43669ff841,1.7323,남성,50,고졸 이하,경기,50-59,그 외 바닥재 시공원,4,4,6,1>9>2,34>29>42,63>56>58,34>63>1,1>2,2
8da0d125d0dc49769b4866baa37ea2cd,1.7323,남성,56,대학교 졸업,경기,50-59,무직,4,4,8,1>2>9,34>29>27,56>57>68,34>1>29,1>2,2
d1f24681e0f44623830828e7d58b125e,1.7323,남성,59,대학교 졸업,경기,50-59,공공행정 사무원,4,4,1,1>2>9,34>42>46,56>57>68,1>34>42,1>2,2
a620e231eb584104bbfcd51df81d001c,1.7663,남성,61,고졸 이하,경기,60-69,무직,4,4,7,9>1>2,34>27>29,57>56>67,34>9>29,1>2,2
ad441767acef4afe91e13828ca05416f,1.6703,여성,37,대학교 졸업,경기,30-39,무직,4,4,8,9>1>11,34>27>29,56>57>64,34>9>29,1>2,2
6d06579f11a84607bb76cf6892b19e9e,1.9614,여성,47,대학원 졸업,경기,40-49,무직,4,4,8,9>2>11,34>29>42,56>67>58,34>9>29,1>4,2
b15efad155424378a28b9452c3ba093f,1.6703,여성,38,대학교 졸업,경기,30-39,그 외 전자공학 기술자 및 연구원,4,4,6,1>9>13,34>29>40,63>56>57,34>29>1,1>2,2
6c59085b38c045b18d399fdcb148ae37,1.6703,여성,33,대학교 졸업,경기,30-39,무직,4,4,8,1>9>5,42>34>46,56>68>59,34>42>56,1>2,2
cdf56c2aa8bb4d3193efb54e14cc54fc,1.6703,여성,36,대학교 졸업,경기,30-39,온라인 쇼핑 판매원,4,4,8,9>2>1,34>42>27,56>60>68,34>9>56,1>4,2
d1079fb076f84f958e2bdb22335b2d78,1.9614,여성,44,대학교 졸업,경기,40-49,상품 기획자,4,4,6,9>1>2,29>34>27,56>68>60,9>29>34,1>4,2
43d2e0818cb1448382c25999e6fa7bfb,1.9614,여성,45,고졸 이하,경기,40-49,그 외 자동차 운전원,4,4,8,1>5>9,29>34>27,56>57>67,29>34>1,1>2,2
8fedf575f5a04e94922e79700b0a8190,1.9614,여성,48,대학원 졸업,경기,40-49,기업 고위 임원,5,4,8,9>1>2,50>51>34,56>57>60,50>34>9,1>3,2
42c97fa38c3f42939dc01a57699da45d,1.9614,여성,41,대학원 졸업,경기,40-49,교육 연구관 및 교육 연구사,4,4,8,9>2>14,42>34>46,56>68>58,42>34>56,1>4,2
e3559d264b57413cab52854a1bbfcfa7,1.7154,여성,56,고졸 이하,경기,50-59,무직,4,4,8,9>1>11,34>27>51,56>57>68,34>9>27,1>2,2
6d4b2ec1e7fb4a8585ac5454ccc18e9e,1.7154,여성,58,고졸 이하,경기,50-59,강구조물 건립원,5,5,9,1>9>4,46>34>35,63>58>57,63>1>46,1>3,1
1fcf3d8f5d05446da83804ddb231e958,1.7154,여성,53,대학교 졸업,경기,50-59,무직,4,4,8,9>2>1,34>42>51,56>68>57,34>9>56,1>3,2
85a3062e97e34920a162c60943efeb43,1.7742,여성,60,고졸 이하,경기,60-69,무직,4,4,8,9>1>10,42>34>27,57>56>68,42>9>34,1>2,2
4de7707c480947d6b3fa3d8e109ed20f,1.7742,여성,64,고졸 이하,경기,60-69,스포츠 강사 및 트레이너,4,4,2,9>1>10,27>42>34,68>58>56,9>27>68,1>4,2
a633766c7f7b440cb636b7248333f162,0.6658,남성,22,대학교 졸업,강원,19-29,학습지 방문강사,4,3,10,2>9>1,29>34>42,56>57>58,2>29>34,1>4,2
be4c85e529e542a3bacdc3b56eb3bd72,0.6229,남성,34,대학교 졸업,강원,30-39,철도교통 관제사,5,4,7,13>2>5,31>29>34,58>57>63,31>13>29,1>3,2
2295b60c98c64e7ead8231693e547337,0.6229,남성,33,대학교 졸업,강원,30-39,공공행정 사무원,4,4,10,13>1>5,35>34>29,58>62>57,13>35>34,1>3,2
6e784f235940448bb48e1eb0577210f4,0.9772,남성,56,고졸 이하,강원,50-59,그 외 일반 영업원,3,4,1,13>2>9,29>35>34,58>56>60,13>29>35,1>2,2
f8f15c7fbe424606ac3a8335d25bcece,0.9772,남성,57,고졸 이하,강원,50-59,"전직 육군 장교, 현재 구직중",4,4,7,13>2>9,34>27>29,58>57>56,13>34>58,1>3,2
308665a4766b4cbc8907bf473fac9689,0.9202,여성,55,고졸 이하,강원,50-59,건물 청소원,4,4,8,2>13>9,34>27>29,56>57>68,34>29>2,1>3,2
d2a91cb887cd462293420305a29d8b8e,0.6819,남성,61,고졸 이하,강원,60-69,무직,3,4,8,2>9>1,34>42>35,56>68>57,34>2>56,1>2,2
547878e6b3e441c4b8ade1b7d20f56bd,0.6819,남성,64,고졸 이하,강원,60-69,주방장,4,4,8,1>2>9,34>35>29,64>56>58,34>29>64,1>2,2
00c8188d86704726b5b5fb77695b6513,0.5354,여성,34,대학교 졸업,강원,30-39,무직,3,4,10,13>5>1,34>27>29,68>57>58,13>34>27,1>2,2
52b7b6aa73d34d3d82b72c2fc670ad45,0.7067,여성,46,고졸 이하,강원,40-49,그 외 기계 조작원,4,4,10,13>1>9,35>34>29,63>57>58,13>35>63,1>3,2
4c5d8deee05c4d25b7c33dbadf632dbf,0.6779,여성,68,고졸 이하,강원,60-69,무직,4,4,10,5>1>13,33>35>29,58>62>68,33>5>35,1>2,2
1daed62b0fb1492ab244f19485d85c5d,0.8470,남성,44,대학교 졸업,충북,40-49,산업 안전원,5,4,6,1>2>9,34>29>27,63>57>60,34>63>29,1>2,2
b4e81aaeb62147ca928cfea17b5b3d42,0.5118,남성,59,고졸 이하,충북,50-59,건물 경비원,4,4,8,9>2>5,34>35>46,56>63>68,34>56>9,1>2,2
e2f55e4ae809452b829b3f8ebf3825aa,0.6606,남성,63,고졸 이하,충북,60-69,사무 보조원,4,4,1,1>2>13,33>34>29,58>62>68,1>33>13,1>2,2
921b101d14da4ca1abd4816967844795,0.6606,남성,60,고졸 이하,충북,60-69,식품 영업원,4,4,8,9>2>5,29>34>27,57>56>64,29>34>9,1>2,2
82355cbd225a46bab75f1be0432e515e,0.6041,여성,19,고졸 이하,충북,19-29,한식 조리사,3,3,8,9>13>1,34>35>29,57>63>56,34>9>29,1>2,2
7b529bb92eb24f2fa7226b8226bfbbd3,0.6261,여성,33,대학교 졸업,충북,30-39,무직,4,4,2,9>13>3,27>34>29,68>64>57,27>68>9,1>3,2
5f204ed9faa34c139b58fd5f12990e6b,1.0123,남성,34,대학교 졸업,충남,30-39,자동차공학 기술자 및 연구원,4,4,8,1>2>9,34>29>41,63>61>57,1>34>63,1>2,2
f6fb8105e6724f75a275cee60026a7a6,0.7810,여성,44,대학교 졸업,충북,40-49,무직,4,4,2,1>2>9,27>34>39,56>64>57,27>34>1,1>4,2
e42793bf03ae4e2cbe12d9b6e2b1db75,0.9458,남성,27,대학교 졸업,충남,19-29,일반 비서,3,4,8,1>9>11,29>34>27,59>56>57,1>29>34,1>2,2
7de56faf20f749c3858a881100869be4,1.0123,남성,31,대학교 졸업,충남,30-39,"전직 생산관리 사무원, 현재 구직중",3,4,6,1>9>2,34>27>29,63>56>68,63>34>29,1>2,2
179eff3229c54716a2dcdc38b6f2eb77,0.9102,남성,59,고졸 이하,충남,50-59,무직,4,4,8,1>9>2,34>29>51,68>56>57,34>1>29,1>2,2
2db5cdd756ad48a2a0063f47c0286003,0.9102,남성,56,대학원 졸업,충남,50-59,경영 기획 사무원,5,4,6,9>1>2,34>29>38,63>56>57,34>63>29,1>4,2
27192a56e28d4c64be3bec716f1dcb9c,0.7720,여성,26,고졸 이하,충남,19-29,한식 조리사,4,4,8,9>1>2,34>27>35,64>57>56,34>64>27,1>3,2
1e609c3cbc0149a68b047dd25ddca1a7,1.2104,여성,54,대학교 졸업,충남,50-59,통계 사무원,4,4,7,1>9>3,51>34>27,61>56>57,1>51>61,1>2,2
bb2b2a79fda54313bceaebd8692ca2f2,0.7090,남성,63,고졸 이하,전북,60-69,지게차 운전원,4,4,3,14>1>5,34>29>35,63>57>68,14>34>29,1>2,2
0f6140563c764b228c4b94b60f6b093a,1.2120,여성,68,고졸 이하,충남,60-69,무직,4,4,8,9>1>5,34>27>39,56>57>68,34>9>27,1>2,2
7abec4dde1514f8aa32eea333f26c853,0.8586,남성,42,대학원 졸업,전북,40-49,마케팅 전문가,4,4,3,13>9>1,51>34>29,58>67>57,13>51>58,1>2,2
021db2ec6a23444ba03762cf3546248c,0.7607,남성,55,대학교 졸업,전북,50-59,육상운송 관련 관리자,4,4,3,1>2>9,29>34>41,63>61>57,29>1>34,1>2,2
d417dc52882b4a74b73a05f27fdec010,0.7090,남성,69,고졸 이하,전북,60-69,무직,4,4,3,2>1>9,34>29>35,68>56>57,34>2>29,1>2,2
8b826691637240b186db07bcc5b30af7,0.6014,여성,37,대학교 졸업,전북,30-39,그 외 교육 전문가,4,4,3,14>1>9,34>27>29,56>57>60,14>34>1,1>4,2
8310f01461c148b0b8c1e9b69f576894,0.6014,여성,39,대학교 졸업,전북,30-39,출판 및 자료편집 사무원,4,4,8,9>14>2,27>34>29,56>57>68,27>34>9,1>3,2
aebd86973bf8482096ad990a9d30a899,0.7067,여성,55,대학교 졸업,전북,50-59,자동차 차체 부품 조립원,4,4,6,9>2>14,34>35>29,63>57>56,34>29>63,1>2,2
84ce4008b4224b218f06a4232861280e,0.7022,여성,66,고졸 이하,전북,60-69,"전직 자동 재봉설비 조작원, 현재 구직중",4,4,3,2>1>5,34>42>27,68>57>56,34>2>68,1>2,2
a615cc6df03446d6aa022cfe70ad6f29,0.7022,여성,62,고졸 이하,전북,60-69,무직,4,4,3,1>13>9,34>27>29,56>58>68,13>34>1,1>2,2
dc7709e9128b43e3b4dbfd25f98a5241,0.6590,남성,34,대학교 졸업,전남,30-39,경리 사무원,3,4,1,1>2>9,34>27>51,64>56>63,1>34>27,1>2,2
846c2458d7274a7cb4f00e14f0abdf79,0.8891,남성,46,대학교 졸업,전남,40-49,철도운송 관련 종사원,4,4,7,1>9>3,34>29>27,68>57>64,1>34>27,1>3,2
b2616f13b631417ea9b16bdb01306eed,0.7923,남성,65,고졸 이하,전남,60-69,무직,4,4,8,1>2>9,38>34>35,56>61>58,1>38>34,1>2,2
95a294b3181e459faa145698c1f0454d,0.7923,남성,62,고졸 이하,전남,60-69,그 외 일반 영업원,5,4,1,1>23>2,27>30>51,61>62>68,1>62>61,1>2,2
6e70a462900e4edeaa018c68f4df605c,0.5767,여성,20,대학교 졸업,전남,19-29,지게차 운전원,4,4,8,1>9>2,34>42>35,63>56>57,34>1>63,1>2,2
8285a83c8ffe4737af1e15ecab044297,0.5847,여성,30,고졸 이하,전남,30-39,한식 조리사,3,4,2,1>9>2,27>34>29,63>57>64,1>27>9,1>3,2
b171293a65fb4f66864744e5917111b7,0.5847,여성,39,고졸 이하,전남,30-39,건물 청소원,4,4,1,1>2>9,34>27>29,56>57>68,34>1>29,1>3,2
9e1d022c14f9474da0e770c36bc30d8e,0.7917,여성,41,대학원 졸업,전남,40-49,무직,4,4,8,1>13>9,34>27>35,56>68>59,34>1>27,1>4,2
5ba2747dd1e5460998b907bd2c3e025f,0.6911,여성,52,고졸 이하,전남,50-59,화장품 판매원,4,4,1,1>2>9,34>42>27,61>57>58,1>34>42,1>2,2
fc23040ff2e14256917838b120ec1e7a,1.0229,남성,37,대학교 졸업,경북,30-39,경영 기획 사무원,4,4,7,14>1>9,34>29>35,56>57>63,14>1>34,1>2,2
d97c6c48a26942068e6919ec00ac81b6,0.8300,남성,53,고졸 이하,경북,50-59,대형 화물차 운전원,4,4,4,2>1>5,29>34>35,63>57>58,29>2>1,1>2,2
bed016a3006e4dd6bc17f7dbd7f08357,0.8300,남성,54,고졸 이하,경북,50-59,그 외 운송장비 조립원,4,4,6,14>9>1,34>29>35,63>56>57,63>14>34,1>2,2
d0c4b90e145f460d9406346a1fd65d83,0.7788,여성,19,고졸 이하,경북,19-29,무직,3,4,8,9>2>10,34>51>27,68>56>57,34>68>9,1>4,2
139dfed777164d849a2bb5693073c24c,0.7788,여성,24,고졸 이하,경북,19-29,골프장 캐디,4,4,6,9>1>2,29>40>34,67>56>57,9>29>67,1>4,2
8de68bd83b7f4af1a2e361fe01b691c7,0.8368,여성,37,대학교 졸업,경북,30-39,마케팅 전문가,4,4,4,9>2>1,29>34>27,56>68>58,29>9>34,1>4,2
11e86c2a45674571899d675de8d25a7b,0.7717,여성,52,고졸 이하,경북,50-59,주방 보조원,4,4,8,1>9>2,34>35>27,64>56>57,34>64>1,1>2,2
33a0dd91c5c54d32aac729f888f62b28,0.7717,여성,51,고졸 이하,경북,50-59,한식 조리사,4,4,7,1>9>5,34>27>29,57>56>58,34>27>1,1>4,2
ae2b2ce9ca4f40718e32577a8fc66711,0.7717,여성,58,고졸 이하,경북,50-59,상·하수 배관공,5,4,8,2>9>10,34>35>46,63>56>57,34>2>63,1>2,2
0b48e582187f4b3a9df333471086454f,0.8301,여성,65,고졸 이하,경북,60-69,무직,4,4,2,9>1>14,27>42>34,68>57>56,27>9>34,1>2,2
63c65c53ee674137a317a0b3f3aa23c4,0.9968,남성,65,고졸 이하,경남,60-69,그 외 기계 조작원,4,4,6,1>2>9,34>29>35,56>57>58,34>29>1,1>2,2
e874e7d3c77e4af083261baa4feef8b0,0.8301,여성,62,고졸 이하,경북,60-69,무직,4,4,8,14>1>9,34>35>29,58>56>68,14>34>58,1>2,2
f94377297b0d49f5914fdb0e5435621a,0.8301,여성,69,대학교 졸업,경북,60-69,치과위생사,4,4,8,1>9>2,27>34>42,56>67>57,34>27>1,1>3,2
b2cf61890b8a4f62a623def0e5ab55d1,1.0884,남성,58,대학교 졸업,경남,50-59,교육 및 훈련 사무원,4,4,6,1>9>2,34>35>29,63>56>57,34>1>63,1>2,2
2df35fdd9a1a478db5ee965d984591b0,1.0884,남성,52,고졸 이하,경남,50-59,그 외 상점 판매원,3,4,1,1>13>2,34>29>27,68>61>58,1>68>34,1>2,2
a3384e05336746699029608a35af3076,0.9968,남성,65,고졸 이하,경남,60-69,무직,4,4,6,1>9>2,34>27>35,56>68>58,34>1>9,1>3,2
65efc5c706f44338af5163f0f13d4040,1.0354,여성,21,대학교 졸업,경남,19-29,"전직 생산관리 사무원, 현재 구직중",3,4,8,1>2>9,34>42>29,56>57>60,34>1>56,1>2,2
3bfb459368dc43f2a9750a6aa2d91503,1.1732,여성,35,대학원 졸업,경남,30-39,인사 및 노무 사무원,5,4,8,9>13>1,34>35>42,56>59>57,34>9>27,1>3,2
d79a7ae65ce044698bb1bfa41bea4b81,1.0423,여성,56,고졸 이하,경남,50-59,바텐더,3,4,8,9>1>2,34>29>42,57>56>68,34>29>9,1>3,2
357527fe67914c1cb2d292084cf5db2c,1.0423,여성,58,대학교 졸업,경남,50-59,호텔 서비스원,4,4,1,1>9>13,34>27>30,61>58>68,1>34>9,1>3,2
4d6cb0c7d3f14fe99d437627b85ace8e,0.9942,여성,64,고졸 이하,경남,60-69,무직,4,4,8,9>1>2,34>35>29,56>57>68,34>1>9,1>2,2
f107ecce285b451aa7b2235ee5025979,0.2864,남성,19,고졸 이하,제주,19-29,음료 서비스 종사원,3,4,1,1>9>13,34>29>51,61>58>56,1>34>29,1>2,2
ba34f85f0eda4308a57877423d6f6fbc,0.3797,남성,45,고졸 이하,제주,40-49,단말기 및 통신 서비스 판매원,4,4,1,1>4>2,34>29>35,56>58>67,1>34>29,1>2,2
7b65655728c04e798bc8004ed0b04292,0.3567,남성,62,대학교 졸업,제주,60-69,시민 단체 활동가,5,4,1,1>13>21,33>29>34,61>58>68,1>13>33,1>3,4
7f7fdfd2452047819308c0a1b4f93c8f,0.3567,남성,67,대학교 졸업,제주,60-69,무직,4,4,1,1>4>9,34>27>51,56>61>67,1>34>27,1>4,2
c18d6cd90b9743a6a2c7af3c5acdea28,0.3740,여성,45,대학교 졸업,제주,40-49,무직,4,4,1,1>9>13,27>42>34,68>59>56,1>27>9,1>2,2
52028679a27643cfb7512c84a4772942,1.5626,남성,26,대학교 졸업,서울,19-29,산업 안전원,5,4,6,9>2>13,34>38>29,63>56>57,63>34>29,1>4,2
6dffcbb25da547879f05d514c3a5246a,1.5626,남성,22,고졸 이하,서울,19-29,프레스기 및 절단기 조작원,3,4,6,9>1>2,34>29>35,63>57>56,63>34>29,1>2,2
1e521c49195f4082b08bbb959812951b,1.6426,남성,48,대학교 졸업,서울,40-49,그 외 전기공학 기술자 및 연구원,4,4,8,2>9>1,34>29>35,57>56>58,34>2>57,1>2,2
d3e670050bf7445aba77c178920c751c,1.6426,남성,40,고졸 이하,서울,40-49,지게차 운전원,4,4,6,1>2>9,34>38>29,63>56>57,34>38>63,1>2,2
16ef0d776cd64b469e67188e69f5f00a,1.6426,남성,42,대학교 졸업,서울,40-49,수질 환경 기술자 및 연구원,4,4,8,2>1>9,43>34>42,56>57>68,43>2>34,1>3,4
ca01ddb750ae4c4ca7a058616f6e93f6,1.5143,남성,63,고졸 이하,서울,60-69,무직,4,4,8,9>2>1,34>29>27,56>57>58,34>9>29,1>2,2
361c372af72a4af1aeda458fe88b8201,1.5143,남성,61,대학원 졸업,서울,60-69,조사 전문가,4,4,2,9>1>2,34>29>27,56>57>58,9>34>1,1>2,4
56fbb8ad5354404db81683e4e3582faf,1.5143,남성,62,고졸 이하,서울,60-69,커피 조리사,4,4,8,13>2>9,34>54>27,58>57>56,34>13>27,1>3,2
29ec730835774a1db65be0ea219da819,1.5143,남성,68,고졸 이하,서울,60-69,그 외 기능 관련 종사원,4,4,8,9>1>10,34>46>35,56>58>57,34>9>46,1>2,2
fdf818b59ced4dc78bdea2e7200d8cdb,1.5143,남성,61,대학교 졸업,서울,60-69,무직,4,4,8,1>2>9,27>34>51,56>57>68,34>27>29,1>2,2
872f11c82d69426cbf2f7305ece32dca,1.6820,여성,63,고졸 이하,서울,60-69,마케팅 전문가,4,4,8,1>9>14,34>27>35,56>57>59,34>1>56,1>2,2
e4e8f5585856446194c0f45f2c83aa51,1.6820,여성,61,고졸 이하,서울,60-69,무직,4,4,8,9>1>10,34>29>42,68>56>57,34>9>29,1>2,2
5e924b166d1d4bceb048b52b1e1b1f67,1.6820,여성,65,고졸 이하,서울,60-69,무직,4,4,8,9>2>10,27>42>34,56>68>57,27>9>2,1>3,2
32449e9b86b84bb38ea513cc926c7448,1.6820,여성,65,고졸 이하,서울,60-69,무직,4,4,8,9>2>5,34>27>42,68>57>56,34>9>68,1>3,2
cd2ae06033c54d599585af63a1b5804d,0.9516,남성,69,고졸 이하,부산,60-69,무직,4,4,6,1>9>2,34>35>29,61>57>56,1>34>61,1>2,2
405565c89f00478ebb8f5c6056e2d955,0.9516,남성,64,대학교 졸업,부산,60-69,토목 관련 관리자,5,5,5,1>13>2,46>34>35,56>58>57,46>1>13,1>2,1
b028556e39814a6a824fb9b7b56df301,0.9928,여성,53,대학교 졸업,부산,50-59,무직,3,4,8,1>2>9,34>42>27,56>57>68,34>1>27,1>4,2
468c9d5d7d5b4ff383f1944fa9b00e51,0.9928,여성,57,고졸 이하,부산,50-59,연삭기 및 연마기 조작원,4,4,6,1>2>9,34>35>29,63>57>56,1>34>63,1>2,2
6aacebe4873d4cb6b5556f5a099a56dd,0.9605,여성,63,고졸 이하,대구,60-69,무직,4,4,8,1>2>9,34>27>39,68>56>58,34>1>9,1>2,2
993b994a5e464587b5a898d8daf0ee2a,0.8915,남성,48,고졸 이하,인천,40-49,수동 포장원,3,4,8,1>9>14,34>29>27,56>63>67,34>29>1,1>2,2
50de164bdd8f448691e3d962b25f9c4d,0.8915,남성,47,고졸 이하,인천,40-49,그 외 기계 조작원,3,4,8,9>2>1,34>42>29,63>57>56,34>63>42,1>2,2
e21ba765a9a9418d97e11b4e43366c44,0.9399,남성,58,대학교 졸업,인천,50-59,소규모 상점 경영자,4,4,8,1>2>9,34>29>27,56>57>67,34>1>29,1>2,2
a0bf11c4acc44a27bea66ba1498111f5,0.9399,남성,57,대학원 졸업,인천,50-59,기업 고위 임원,4,4,8,1>9>2,50>51>34,56>57>58,50>34>1,1>3,2
d3c8f8d04bbf4b4dbaf32da9b0e32926,1.1544,여성,65,고졸 이하,인천,60-69,무직,4,4,8,9>1>2,27>34>42,56>68>57,27>34>9,1>2,2
136a68177adc4b399f9b422f97a72b63,0.6444,남성,41,대학교 졸업,울산,40-49,철도운송 관련 종사원,4,4,8,1>13>9,31>40>34,56>58>57,31>1>40,1>3,2
1f180c71def94fa4b30350aa66c93f7d,0.3844,여성,26,대학교 졸업,울산,19-29,무직,3,4,8,1>9>2,34>40>51,56>57>60,34>1>40,1>5,2
8b7751ee104747c393afae6d17dd0073,0.2162,여성,31,고졸 이하,세종,30-39,가스 점검원,5,4,10,9>1>10,35>34>29,57>56>68,35>57>34,1>4,1
1ab1fc84a8be466ba7f04ad689397ca2,1.8362,남성,30,대학교 졸업,경기,30-39,화학물 증류기 및 반응기 조작원,4,4,6,9>1>2,38>42>29,63>57>58,38>63>29,1>4,2
df0e4689489a44269ace2d56132fccba,1.8362,남성,32,대학교 졸업,경기,30-39,지게차 운전원,4,4,6,9>1>2,34>29>46,63>56>58,63>34>29,1>2,2
e9606eb674d446d1861df4469dc0daaa,1.8155,남성,49,고졸 이하,경기,40-49,건물 청소원,4,4,8,1>2>9,34>35>29,56>63>57,34>29>1,1>2,2
962307fdd3bc49419d7c54e6accab8ec,1.8155,남성,49,대학교 졸업,경기,40-49,노점 및 이동 판매원,4,5,2,9>1>10,34>29>27,56>57>58,34>9>29,1>4,2
422f3bc7748949bc915dc49acd9c1c66,1.8155,남성,46,대학교 졸업,경기,40-49,사무 보조원,3,4,8,9>1>2,34>29>42,56>63>58,34>9>29,1>2,2
c1b375afa6bb4a76b9b6d74149aab857,1.7323,남성,53,고졸 이하,경기,50-59,무직,4,4,7,1>2>9,34>29>27,56>57>67,34>29>2,1>2,2
971b3258275a41e7b63876be87695389,1.9973,여성,26,대학교 졸업,경기,19-29,일반 비서,4,4,6,9>1>2,34>41>51,63>56>68,34>63>9,1>2,2
91b4a44f61dc4b1aa082661e894becc3,1.9973,여성,29,고졸 이하,경기,19-29,무직,3,4,8,1>2>9,34>42>27,56>57>67,34>42>1,1>4,2
27b596b36369440eb35d36fc07507ed1,1.9614,여성,49,대학교 졸업,경기,40-49,시각장애인 특수교육 교사,5,4,8,9>1>2,39>34>51,68>56>57,39>34>68,1>4,2
4f2141413e24496aae8a8034453e0464,1.7154,여성,54,대학교 졸업,경기,50-59,작업치료사,4,4,8,1>9>2,34>27>42,68>56>58,34>27>1,1>4,2
08ec761df4e244a5a121f9e36bd41928,1.7742,여성,65,고졸 이하,경기,60-69,그 외 기계 조작원,4,4,8,9>1>2,34>35>42,56>57>58,34>56>9,1>2,2
b26420014c7a494d8f1c615c4549caf2,1.7742,여성,64,고졸 이하,경기,60-69,무직,4,4,5,1>2>9,34>35>27,56>68>58,34>1>27,1>2,2
0badb1b8976645a5b7a995aebce36f3f,1.7742,여성,65,고졸 이하,경기,60-69,무직,4,4,8,1>9>2,34>27>29,56>57>58,34>1>9,1>2,2
1052050497b14c109ab57f58aee25df9,1.7742,여성,61,고졸 이하,경기,60-69,무직,4,4,6,1>9>2,34>27>42,56>57>60,34>27>1,1>2,2
dc198faffa0540bb848e1e332dff981c,1.7742,여성,61,고졸 이하,경기,60-69,무직,4,4,2,9>1>5,34>27>29,56>57>68,34>9>29,1>4,2
7f49ebe509e84d46b80f5b221c616a9f,0.5294,여성,24,대학교 졸업,강원,19-29,무직,4,4,4,9>1>13,29>34>27,67>57>58,29>9>34,1>4,2
899242f503804f9ca8cdc0bd1d36f61b,0.8182,남성,40,대학교 졸업,충남,40-49,플랜트공학 기술자 및 연구원,5,5,6,1>14>13,36>35>46,63>57>56,36>35>1,1>2,4
392991f0f7204b53beefbdee9e428865,0.8230,여성,42,대학교 졸업,전북,40-49,상담 전문가,4,4,3,1>9>14,27>34>51,56>57>68,14>34>29,1>4,2
f332ce24595141dba85bbe7c2036e08f,0.7067,여성,55,고졸 이하,전북,50-59,무직,4,4,3,14>9>2,34>27>42,56>57>68,34>14>9,1>3,2
5c21d74c190141af92dfe4aa4039b726,0.6911,여성,55,대학교 졸업,전남,50-59,일반 비서,4,4,2,1>9>13,34>27>29,68>62>57,1>9>34,1>3,2
c189719a0dc84294b0772d5de9e277d4,0.7396,여성,61,고졸 이하,전남,60-69,무직,4,4,1,1>2>9,34>27>35,68>57>58,1>34>68,1>2,2
2b7e25678da34fde8d25c817632efbe1,0.7396,여성,63,대학교 졸업,전남,60-69,무직,4,4,1,1>9>2,27>34>35,68>57>58,1>27>34,1>2,2
7ccb4ff98a8a49b1a46ba30b1a8dd8b1,1.2857,남성,49,고졸 이하,경북,40-49,시설 경비원,4,4,8,1>2>9,34>35>29,57>56>58,34>1>57,1>2,2
51dc0d84557e4637bfd8890a8eba7809,0.8518,남성,64,고졸 이하,경북,60-69,운송장비 청소원,4,4,6,9>2>1,27>29>34,63>57>56,9>29>63,1>2,2
ede669b7fbf945c298f62574f56d2fc6,0.8518,남성,68,고졸 이하,경북,60-69,무직,4,4,8,1>9>2,34>29>40,68>56>57,34>29>1,1>2,2
35f4acdd95ba48979c126171ff8cd99a,1.3315,남성,28,고졸 이하,경남,19-29,건축자재 영업원,4,4,8,1>9>2,34>29>40,63>56>57,34>1>29,1>2,2
441384a7828444179b41d4b2b98a3ccd,1.3474,남성,30,대학교 졸업,경남,30-39,관리 비서,4,4,6,1>2>9,29>34>51,56>64>58,29>1>34,1>3,2
d1705adae51c4dd3aefca20dd23c44b2,0.9048,남성,48,대학교 졸업,경남,40-49,마케팅 전문가,4,4,1,1>2>9,34>35>51,63>68>58,1>34>63,1>2,2
3c56739b7f8b469aac1e57eca5555978,0.9048,남성,46,고졸 이하,경남,40-49,그 외 기계 조작원,4,4,8,1>2>9,34>35>29,57>63>56,34>29>1,1>2,2
cb64e04a9e3e445e93e77333fb618be8,0.4216,여성,56,고졸 이하,제주,50-59,철도운송 관련 종사원,4,4,7,1>4>2,31>34>27,68>61>56,1>31>34,1>2,2
4958721c5c23468d839cf53907a41219,0.3525,여성,62,고졸 이하,제주,60-69,수동 포장원,3,4,1,1>4>2,34>35>29,63>57>68,1>34>4,1>2,2
d17516bfe9004760b3b96bdba077a753,1.1175,여성,42,대학원 졸업,부산,40-49,공학·제조 및 건설 분야 교수,4,4,6,1>9>14,34>46>35,56>57>63,1>34>46,1>3,4
210ef1c2c8634448b14a6b08361029ff,1.0752,남성,19,고졸 이하,대구,19-29,무직,4,4,4,2>9>13,34>29>46,58>67>57,34>9>29,1>2,2
201755791b984ed795a8e6d61c16aaec,0.9858,남성,59,대학교 졸업,대구,50-59,온라인 쇼핑 판매원,3,4,8,9>1>13,34>29>51,56>58>57,34>9>29,1>2,2
40b5b5d3a10043118f0e8e35b59f35cb,0.9858,남성,52,고졸 이하,대구,50-59,일반 비서,3,4,7,1>9>2,29>34>27,56>57>58,1>29>34,1>2,2
be74f4510ea1428392dda60da3d2e37a,0.8784,남성,65,고졸 이하,대구,60-69,건물용 냉동·냉장·공조기 설치 및 정비원,4,4,2,9>1>5,34>35>29,63>57>56,9>34>63,1>2,2
678f60cf933e40059c2f19af1a46df64,0.8784,남성,64,고졸 이하,대구,60-69,외국어 교사,4,4,8,9>1>2,34>27>29,56>57>67,34>9>29,1>3,2
9bbc119bfd5d4a8e9cd36d58167a42d3,1.0887,남성,33,고졸 이하,인천,30-39,금형원,4,4,8,1>9>2,34>38>29,63>57>56,34>63>1,1>2,2
3347ada617454da5b22001f9b7e52e7b,1.1214,남성,64,고졸 이하,인천,60-69,그 외 법률 관련 사무원,4,4,8,1>9>2,34>35>27,56>61>57,34>1>56,1>2,2
9dad7b1e21874f71945247905e0930d4,0.9468,여성,58,고졸 이하,인천,50-59,보험 사무원,4,4,8,1>9>2,34>27>29,56>57>68,34>1>29,1>2,2
ec31ab6b1bb847189d07f25d24d4d876,0.9468,여성,52,고졸 이하,인천,50-59,무직,4,4,8,1>9>2,34>27>35,68>56>57,34>27>1,1>2,2
89ee68daa5244dca8a1006262b173979,0.9468,여성,51,대학원 졸업,인천,50-59,마케팅 전문가,4,4,8,9>1>2,34>39>54,56>57>58,34>9>39,1>3,2
f424577df8e44bd8ab0e8a634b105fa6,0.7238,남성,23,대학교 졸업,광주,19-29,통신장비 기사,4,4,7,1>9>2,34>29>27,63>56>57,34>29>1,1>3,2
1cb23053e77a4e3a8b69da650031625c,0.8982,여성,53,대학교 졸업,광주,50-59,교육 및 훈련 사무원,4,4,6,9>13>1,34>40>35,63>56>58,63>9>34,1>2,2
27746e8f9b2e4151828ff99c2b080895,0.7691,남성,49,대학교 졸업,대전,40-49,철도 기관사,5,4,4,1>2>14,31>34>35,56>57>64,31>34>1,1>3,2
a48cdb8de0f44ea7875205877cd65cee,0.5505,남성,32,고졸 이하,울산,30-39,경리 사무원,4,4,6,1>2>9,34>29>35,63>57>56,34>63>1,1>3,2
d3ff31e01a664fa9928baacef8884ef2,0.7338,여성,51,고졸 이하,울산,50-59,그 외 제조 관련 단순 종사원,4,4,6,1>2>9,34>29>40,63>57>56,34>1>29,1>2,2
bdab7526524e456288030fdf89d78586,0.2234,남성,50,대학원 졸업,세종,50-59,컴퓨터 시스템 감리 전문가,5,4,8,9>1>13,51>34>29,56>57>58,51>34>29,1>4,2
efdd37721833492c8c4e5284033e7d3e,0.5354,여성,39,대학원 졸업,강원,30-39,그 외 제품 디자이너,4,4,10,2>13>1,34>27>29,60>57>56,2>34>13,1>2,2
9ee3641e06d244e5bd7913644e18e24e,0.6261,여성,35,고졸 이하,충북,30-39,건물 청소원,3,4,2,2>9>1,27>34>29,63>57>64,2>9>27,1>2,2
c500d22a6ec041d3b88247b9cfbff2bf,0.9458,남성,19,고졸 이하,충남,19-29,지게차 운전원,4,4,6,9>1>2,34>29>42,63>56>57,63>34>29,1>2,2
3d75af0716554d729202d174068262c0,1.2120,여성,65,고졸 이하,충남,60-69,무직,4,4,7,1>2>9,27>34>29,68>57>62,34>1>27,1>2,2
6b042fbcea2e48cf82aa71ecbe4341df,0.8586,남성,46,고졸 이하,전북,40-49,건물용 냉동·냉장·공조기 설치 및 정비원,5,4,3,1>13>14,34>35>29,63>57>56,63>34>13,1>4,2
5521d60472594375afe82182e9fd9f69,0.6590,남성,30,대학교 졸업,전남,30-39,시설 경비원,4,4,1,1>2>21,34>35>46,56>57>61,34>1>29,1>2,2
b0589b9b7319443a95e2c535ed30a7e5,0.5767,여성,23,대학교 졸업,전남,19-29,상담 전문가,4,4,1,1>23>9,34>29>51,61>59>68,1>61>34,1>4,2
216392f650bb4646a24a3c7d5a90a0aa,0.8368,여성,32,대학교 졸업,경북,30-39,무직,4,4,8,14>1>9,34>42>29,68>56>59,14>34>68,1>3,2
04ad51ab3d59489a8c9ae28ae3de4420,1.0354,여성,20,대학교 졸업,경남,19-29,무직,3,4,6,9>1>2,42>34>27,67>56>60,42>9>67,1>2,2
c0fcef8d8cbe4528963588f817cccc6d,0.3797,남성,40,고졸 이하,제주,40-49,우편집배원,4,4,1,1>2>9,29>34>27,63>67>68,1>29>34,1>2,2
4ed841e122f44a979d4f3b95e8e2f396,0.6112,여성,32,대학교 졸업,광주,30-39,화학 연구원,4,4,6,9>1>13,38>34>27,63>56>57,38>63>34,1>5,2
0e00cf0a85d64c6b934a47d72cb41e01,0.6112,여성,39,대학교 졸업,광주,30-39,보육교사,4,4,8,9>1>13,27>34>42,68>64>56,27>68>9,1>4,2
cdf46062b00d41b4992e5a2a62d042a1,0.1523,남성,26,대학교 졸업,세종,19-29,상품 기획자,4,4,8,9>1>2,34>29>46,56>57>67,34>9>29,1>2,2
7d43be9d1b6b4dfdb0861d244791247f,0.1523,남성,19,고졸 이하,세종,19-29,무직,3,3,6,9>1>5,34>29>27,56>57>58,34>9>29,1>2,2
078bf6b66df64569ba4bd9de802ae7ad,0.2866,남성,64,고졸 이하,세종,60-69,사무 보조원,4,4,6,1>2>9,34>29>35,63>57>68,34>1>29,1>2,2
bd07b052789f43228daa671cda17c827,0.7610,남성,21,대학교 졸업,전북,19-29,법률 관리자,3,4,8,9>14>1,34>29>35,56>57>67,34>14>57,1>2,2
d1d8688f7eb14c0aab38bf5e2e0958ca,0.7610,남성,19,고졸 이하,전북,19-29,무직,3,4,3,13>1>5,51>34>29,58>62>57,13>1>34,1>2,2
66366debed0c4e0fb8f82af06a07f347,0.8057,남성,50,고졸 이하,전남,50-59,일식 조리사,4,4,1,1>13>2,34>35>29,57>63>58,1>34>13,1>2,2
a2d99723f8044641a9d6be23b5b57b2e,0.8057,남성,56,고졸 이하,전남,50-59,무직,4,4,1,13>1>9,33>34>35,62>58>57,13>33>1,1>2,2
2452cea321a94f79a545c22b6d7c50ab,0.8057,남성,51,고졸 이하,전남,50-59,무직,4,4,8,1>9>2,34>27>29,68>56>57,34>1>68,1>3,2
bc484cc4842948ae96412ab27e6ba8bf,1.0317,남성,22,대학교 졸업,경북,19-29,온라인 쇼핑 판매원,3,4,1,9>2>11,51>27>29,57>64>58,9>51>57,1>2,2
b7470844104f4da6a0996faaec2be2a3,1.0317,남성,28,대학교 졸업,경북,19-29,무직,4,4,2,1>9>2,51>29>34,57>64>58,1>51>29,1>4,2
a1a9ec962a6a4fb4b847f32c6256bed9,0.4514,남성,58,대학교 졸업,제주,50-59,청소년 지도사,4,4,1,1>4>13,29>34>33,61>58>62,1>29>61,1>4,2
b30aa489209d4301bcac593a40930105,0.4514,남성,52,고졸 이하,제주,50-59,시설 경비원,4,4,1,1>21>13,34>27>29,58>56>67,1>34>29,1>2,2
416645089c4f43cd933edfe73e4b14b4,0.6591,남성,36,대학교 졸업,광주,30-39,중식 조리사,4,4,8,9>1>2,34>35>42,63>57>56,34>35>63,1>2,2
63160e5cc1e943eb923531f452358bc0,0.6591,남성,36,대학교 졸업,광주,30-39,철도교통 관제사,5,4,4,2>9>1,31>34>29,56>58>57,31>2>34,1>3,2
1c8c66fafb224c30844115288c3303f7,0.4494,여성,39,대학교 졸업,울산,30-39,사무 보조원,4,4,8,1>2>9,34>38>27,56>63>57,34>1>38,1>2,2
c517ab8061f64981beb9e968c62a3a49,0.4494,여성,37,대학교 졸업,울산,30-39,비상 발전기 설치 및 정비원,5,5,6,1>9>2,34>47>35,63>57>56,34>63>1,1>3,2
b3862e0695cf4a8d834b9489c840efc6,0.7318,남성,42,고졸 이하,강원,40-49,지게차 운전원,4,4,6,2>13>5,34>29>27,63>58>57,63>34>29,1>2,2
1376b03e8ec84619af84389db8672586,0.7318,남성,43,대학교 졸업,강원,40-49,경영 컨설턴트,4,4,8,1>2>13,34>35>29,56>68>63,1>34>13,1>2,2
04ce917bca254851b70196ba0413e78e,0.6423,여성,26,대학교 졸업,전북,19-29,화장품 판매원,4,4,3,9>11>1,27>34>42,56>57>67,34>27>9,1>4,2
a58bba35ceda43499dc75388edfe77e3,0.6423,여성,19,고졸 이하,전북,19-29,무직,3,4,3,14>1>9,42>29>34,56>67>60,14>42>29,1>4,2
2fc45faf924d42f9a15d4d91e8fe3b81,0.2780,여성,39,고졸 이하,제주,30-39,무직,4,4,1,1>2>9,27>34>29,56>57>64,1>34>27,1>2,2
7f66e715183d496e904644727f485373,0.2780,여성,39,대학교 졸업,제주,30-39,철도운송 관련 종사원,4,4,7,1>4>2,29>31>34,68>67>56,1>34>29,1>4,2
